song1,song2,mashup,output_name
https://youtu.be/dQw4w9WgXcQ?feature=shared,https://youtu.be/KvknOXGPzCQ?feature=shared,https://youtu.be/kFPzbC79DcE?si=vwgbKrP2_QGC5u23,mashup.wav
https://youtu.be/dlWjY2LaU7E?feature=shared,https://youtu.be/xPU8OAjjS4k?feature=shared,https://youtu.be/MmnHNGJkQHU?si=dFzcWm-SxjYAAE8z,
https://youtu.be/hhSLkkLl750?feature=shared,https://youtu.be/w3viBe2Q0P8?si=AQTZ7zdDopkRvoBr,https://youtu.be/BvEU-NZJWaw?si=I4M3hBgDM2rGitaK,
https://youtu.be/h_L4Rixya64?si=G0JJhOWGde453CMO,https://youtu.be/9bFHsd3o1w0?si=VxEsUx0FzDQzriOv,https://youtu.be/ktqY4AC0sR4?si=ypftuIZLpTbIXvmW,
https://youtu.be/36EBd2Q4-gg?si=BRXGFE8LuraccCbh,https://youtu.be/juVZ1dbn_t0?si=SvqkjALyWTM3-65x,https://youtu.be/1cKFpYPcorI?si=A-lqU8bHi_XVIR5Z,
https://youtu.be/-F9nCQtxkRw?si=iLRQD0NSuX5EdQHG,https://youtu.be/Bm5iA4Zupek?si=eRdKW3zFddRCmHzQ,https://youtu.be/aZNuD_0Af6g?si=VYAqktm10IvET8VK,
https://youtu.be/u8uvLHnrqdU?si=hfHWGSRHOzpdYT30,https://youtu.be/yXQViqx6GMY?si=blXICqN0s6CzgGhB,https://youtu.be/d0rfmtRiHIw?si=szbotKM69-zzvwiP,
https://youtu.be/68ugkg9RePc?si=Ra3LaPgIp47mPVXh,https://youtu.be/0MmpUIdGcyU?si=6hnPnxYuJishF1u4,https://youtu.be/aLxaNo_-ZGI?si=fpQQOK6EojPyi0lf,
https://youtu.be/IviYsgJXG5k?si=SJ3CbWN5kTpuQ9Re,https://youtu.be/5n_I68l4mfA?si=hGEK9DuE6QiQGHXq,https://youtu.be/44zznPw3tjo?si=n-5G5VzNXyo97eCk,
https://youtu.be/wS8W4ScYc7A?si=t-CargIHm_-Elp0X,https://youtu.be/Gs069dndIYk?si=90847lg5xK98t7el,https://youtu.be/PTyjfXfT2bQ?si=0-j11A7ocLJaVXoz,
https://youtu.be/rV8NHsmVMPE?si=yDRrTeCwMgWhU9gE,https://youtu.be/qw2LU1yS7aw?si=07p89GC-DkKylBmi,https://youtu.be/eZWlowb8s8U?si=cI3C8QVLd3O60t-f,
https://youtu.be/HCq1OcAEAm0?si=2ID6DylODBZbj293,https://youtu.be/09LTT0xwdfw?si=GYEFpNESAr7YTMGl,https://youtu.be/9qODLyDWbfo?si=seNWQhjtX6L6UwAA,
https://youtu.be/hhSLkkLl750?feature=shared,https://youtu.be/N0dbGGvsjf8?si=vjiMukPX_TSWsffK,https://youtu.be/9lfzBrvhFoI?si=yeLeKKna9x5NpJUx,
https://youtu.be/7DXlY8LhWnI?si=-bUqlxMRLICXKpTN,https://youtu.be/zk62uUqcNyo?si=eVVRLzjywrb4kYDe,https://youtu.be/1ZY8zaJKbOY?si=Mg2pQh84w4Jkrion,
https://youtu.be/6fVE8kSM43I?si=O1wF7phrUuwM7oFr,https://youtu.be/VrDfSZ_6f4U?si=G1RhoFSdCP9O1sTJ,https://youtu.be/6rmKd0D_x8w?si=NnoarMMU13VUPQZ1,
https://youtu.be/iYYRH4apXDo?si=yFQIS6GceK13S7p_,https://youtu.be/9Ht5RZpzPqw?si=WjLESa-r5EYzTOF2,https://youtu.be/ciloN8yT3T8?si=L-Yxc2xlRu0Ct0DI,
https://youtu.be/V_Ydoe4Q-Gg?si=uiugZgD492inBg4R,https://youtu.be/B5YNiCfWC3A?si=MWnMcfVSrdcIONnp,https://youtu.be/2ZCRIG3kPCg?si=aHFh7u09ee53d2yv,
https://youtu.be/AQ0ktXH3LfI?si=e-ut2r3xLE9D7vOt,https://youtu.be/gAjR4_CbPpQ?si=7N4OSFxfRPd22P0D,https://youtu.be/o8mOwqJnPfE?si=JbBjBzA2G3PS2APz,
https://youtu.be/EqWRaAF6_WY?si=chjq__SiKU0dfHiY,https://youtu.be/NWi4eavotFk?si=yIS2rBennSy6T9Vx,https://youtu.be/uYB8Qiq4IJo?si=cdgdKcK01u8Ulf25,
https://youtu.be/rinkviEmeXk?si=ZQ018Wz6JweoW2Wr,https://youtu.be/CxPc1Q3-0zc?si=z0DH5fxAhiATwzyl,https://youtu.be/3kxXOnbHI08?si=yp-zmppN6tkJ8c7p,
https://youtu.be/UqyT8IEBkvY?si=-Se-yFq_GG55HN86,https://youtu.be/hTWKbfoikeg?si=BBAjNeXh6oKYKutp,https://youtu.be/slvk9jFXO84?si=2bZkIAycuWrhDoZq,
https://youtu.be/L53gjP-TtGE?si=I7eq3DyEtz7vHuff,https://youtu.be/83AOwdfH1Z0?si=f0go2EsotbXNRuhZ,https://youtu.be/HOvyebtrMOg?si=GoXR4Bo3BqdPm58W,
https://youtu.be/HO8J2cz7KHg?si=Ep5JrYwR-pIEed4x,https://youtu.be/8-r-V0uK4u0?si=_6pSSa0MSiOMzzl_,https://youtu.be/ECuFHEv5nkk?si=Ud0oRANEyNOhSlBs,
https://youtu.be/QvL--i2ICLU?si=T2ma8dgmStPV9fJ7,https://youtu.be/nsXwi67WgOo?si=AEKXyt6JmyZtpAAO,https://youtu.be/-4FKWwTFTVg?si=S_TfrQUzMckdKT7q,
https://youtu.be/xG4sH7jKvXE?si=SODbJgR7oFfiv1S2,https://youtu.be/RAkOm7XLoQQ?si=eq5Fzb_ZvhxmDhyH,https://youtu.be/3Zce2Mad8SA?si=14JDYKaTsLXDW_gd,
https://youtu.be/NlprozGcs80?si=EJd8llYvuLPT-nSq,https://youtu.be/uhG-vLZrb-g?si=SjTA8LIRX342a7Dc,https://youtu.be/fhObowBG6nQ?si=tHd5HBMZTCwg6sje,
https://youtu.be/3MqUW5txLjs?si=5WWNboSRINxefw31,https://youtu.be/A2VpR8HahKc?si=CnroVNyJATYsubXM,https://youtu.be/pPPKC6LQMLo?si=FmQ0dnLO3wLoge0M,
https://youtu.be/W0DM5lcj6mw?si=t5Chs_UV_xzQ3q4D,https://youtu.be/kibgXqJuKCM?si=Q8EA-uE1wdh6znXF,https://youtu.be/xqbKK1m4kqs?si=cn-EDsw2aqgkqKQs,
https://youtu.be/L53gjP-TtGE?si=I7eq3DyEtz7vHuff,https://youtu.be/GUbjA1KH-rg?si=_rXn_f512JIiH18w,https://youtu.be/TCzZKlAbPm4?si=2rw-UwD_IKDV-mzl,
https://youtu.be/eVTXPUF4Oz4?si=7a8t6-EiV6iR99_n,https://youtu.be/pnwHd7nJcuI?si=x6AOfbAiBWwpxaiq,https://youtu.be/lP5zjpDwaUw?si=mKrLTQQXakm6VfO4,
https://youtu.be/tR1ECf4sEpw?si=fuFaVI_2eo1u_Vzm,https://youtu.be/G8dsvclf3Tk?si=az9wDQFtdUBUdnE0,https://youtu.be/HrTWjrYYxBU?si=qAZ4AdB9bDwTGf2j,
https://youtu.be/1k8craCGpgs?si=HPX6gz_l8OjLYq8c,https://youtu.be/YIqbdnaPcT8?si=KVvKpIuwQXg42Pgk,https://youtu.be/QK-boYW3CfA?si=Zn_B6ARcXduoQR4-,
https://youtu.be/PsO6ZnUZI0g?si=8VpG1KTuFHQm18l_,https://youtu.be/CTAud5O7Qqk?si=HFuCDaxroQGmjl0j,https://youtu.be/TyA8sV7x7fI?si=xXEO1EP6lYt6vNzO,
https://youtu.be/We_DLCYDaYw?si=zpiMCp3DcbVWmfqA,https://youtu.be/gG_dA32oH44?si=pW-qlmcEcJ2EVSrl,https://youtu.be/AiGMiRjiGKg?si=R7qxhhDST8Q1NA1C,
https://youtu.be/vLPo8lHVAQg?si=r79SurwS1Ba_Opcf,https://youtu.be/kffacxfA7G4?si=4MMcSGu1WBDJhwcf,https://youtu.be/cj64226m_LU?si=hTP9SS09mxRVmepX,
https://youtu.be/Aztdmq1tYY8?si=xq-7NAP55fAJSbKv,https://youtu.be/k49I5m1J6Is?si=jhLFzQK8ExAgY1SM,https://youtu.be/3zSmJjAThIM?si=cCPuw__xGkgpc725,
https://youtu.be/94Ye-3C1FC8?si=MGTYaBtjgIuMgzeX,https://youtu.be/LFFcyWGWz14?si=2dE6IL9FTkrE09jD,https://youtu.be/JIXt-fGtjdw?si=z75y8LH4GqLgrq9b,
https://youtu.be/YqYYgeeqRLo?si=sKQgbygMrYqy_Gh1,https://youtu.be/wrCUQuJsDYI?si=c3Qp0pLz3e9u4k5f,https://youtu.be/AGETWxC0-mA?si=yDAAKolB6eSZm-1e,
https://youtu.be/XFkzRNyygfk?si=Dx9JwiWoRsNPTBx7,https://youtu.be/yXQViqx6GMY?si=blXICqN0s6CzgGhB,https://youtu.be/fKAn17K4Qpk?si=LsxL6IRzTNAXKbJo,
https://youtu.be/q0EpIzx9pi0?si=gQKU-do7sPsJL66w,https://youtu.be/nCn3LYqCnrk?si=eR5SHrNE3sKZG__L,https://youtu.be/-7zlXSuNUUg?si=HpEhJQKMWcRmbaR8,
https://youtu.be/O_IIAYZL1R4?si=fV1O4qOSQ6SwpfNv,https://youtu.be/9boiT64sm0Q?si=Jujh-v7nxTLEVVcZ,https://youtu.be/deeQcMH-Q9s?si=VIpQKfEkVIF7x3gG,
https://youtu.be/NWi4eavotFk?si=yIS2rBennSy6T9Vx,https://youtu.be/OqvHWUZZdP0?si=wEkrhOWnUs-Uxekz,https://youtu.be/7PuITsSoLN4?si=mcAQasgIApyHwRmL,
https://youtu.be/B_HSa1dEL9s?si=8BcYaJz-0S1lm48x,https://youtu.be/yXQViqx6GMY?si=blXICqN0s6CzgGhB,https://youtu.be/Y9w3GSkJBzU?si=p4CcquvTYzEdhXEx,
https://youtu.be/CSvFpBOe8eY?si=3eYGmX6w2JghfjNZ,https://youtu.be/WSeNSzJ2-Jw?si=GOBBR8bSdiGp-AZz,https://youtu.be/iYwKjT6SISE?si=jimAMa-ODXvH3CWH,
https://youtu.be/ln-Jq6X6p-g?si=lTGYl4qV4ncL-IZM,https://youtu.be/Fe93CLbHjxQ?si=qu8qzbKxFlhohCm5,https://youtu.be/wPIm1NnmVCc?si=FWZE3YkdwFJMTfZo,
https://youtu.be/kXYiU_JCYtU?si=cL1DV4JdvMrDE3HL,https://youtu.be/zIh5AHxh-Ok?si=jjOG3yxMQnLF8mgf,https://youtu.be/JnyMegOMDdM?si=tf1S9Je0vf1e1BOx,
https://youtu.be/LYU-8IFcDPw?si=SKVzquXCqZozeNnK,https://youtu.be/2Abk1jAONjw?si=W7nqaVVSL59LLAQY,https://youtu.be/K1rql22nG8o?si=STRy6ptAHdv1mkh4,
https://youtu.be/NWi4eavotFk?si=yIS2rBennSy6T9Vx,https://youtu.be/Vkfpi2H8tOE?si=aLi7d1DI6rd2gYoz,https://youtu.be/wrw3t9cHLXU?si=IW4v3hQvhCLkadov,
https://youtu.be/RqIRp4QE-1k?si=9kkI1U5oYwOUvLga,https://youtu.be/wbZHhChx5yo?si=cUm3g60rm9AdLBXG,https://youtu.be/R4mmus0Y-yM?si=tJHk51DF-UZgpcpO,
https://youtu.be/gOsILsG8llQ?si=nh02zJA5YK2S542z,https://youtu.be/gH476CxJxfg?si=QdSmfBd4yv__DrUZ,https://youtu.be/dBfAN20t-m0?si=5iBCRWhbBycsdPBu,
https://youtu.be/zPqYVBFtBkw?si=WQdS4GxNPGH9-Ulv,https://youtu.be/Gs069dndIYk?si=90847lg5xK98t7el,https://youtu.be/0xBwWMMoq1E?si=pjIcwI7cadbbSvjK,
https://youtu.be/L53gjP-TtGE?si=I7eq3DyEtz7vHuff,https://youtu.be/NWi4eavotFk?si=yIS2rBennSy6T9Vx,https://youtu.be/nZTzM-uc_VI?si=CsmCEyWu_Zy5XYUp,
https://youtu.be/w3viBe2Q0P8?si=AQTZ7zdDopkRvoBr,https://youtu.be/Gs069dndIYk?si=90847lg5xK98t7el,https://youtu.be/OiPIUYqPIxw?si=e5tA1EDqv9oZ6maz,
https://youtu.be/EvFfp_f8koo?si=rSk_h08st-vYj3zt,https://youtu.be/atjJVwok9ws?si=L4zF9NCFfN9H1RmR,https://youtu.be/MPU8IZ09-vc?si=Cd2RdnUpWi_bPwC3,
https://youtu.be/-Fp0aTedjwI?si=SpDi7_63ojPlsE2s,https://youtu.be/k85mRPqvMbE?si=FgFiBbvSVq0vlzfC,https://youtu.be/es1WQA8PDU8?si=6bvvFenj2JjZ52t2,
https://youtu.be/-GAIe9DNFcc?si=9b1-UghaDbL4Tyqy,https://youtu.be/N0dbGGvsjf8?si=vjiMukPX_TSWsffK,https://youtu.be/KGlYQ5SoeKE?si=jnmoWskFgU2QPTtc,
https://youtu.be/-GAIe9DNFcc?si=9b1-UghaDbL4Tyqy,https://youtu.be/7F3a4QRcuSU?si=KgBdMD8VWUUnalPb,https://youtu.be/NyUMe-XPt8Y?si=rVSB7qIfqy_ROIlG,
https://youtu.be/CxcEqhy4yKg?si=e-GJW-j8u-XAfcnE,https://youtu.be/vs7FXnRroeM?si=UECBZ7rVLUIlMR8_,https://youtu.be/Q6rOpjjyDJY?si=EugP6HWSc8Rc1Ydc,
https://youtu.be/bOHxtOLfvIo?si=UmBRnOu0hi1SzyK4,https://youtu.be/pTI8Vc_nKaM?si=9aJrq-Rro3nLGNeQ,https://youtu.be/JnDwP_6zs-A?si=SVXf4RjOAUiQuV69,
https://youtu.be/dQw4w9WgXcQ?feature=shared,https://youtu.be/0J3vgcE5i2o?si=3NurMZ-OLrWIxYI_,https://youtu.be/FBtAaM90U68?si=PjhzE0OlQLaE10-b,
https://youtu.be/83AOwdfH1Z0?si=f0go2EsotbXNRuhZ,https://youtu.be/H9Z_OguBpLs?si=bO5bJ8Hw0S_4YuPh,https://youtu.be/BRkF1T3JVv0?si=3AFNx815XAjn5Ow6,
https://youtu.be/N0dbGGvsjf8?si=vjiMukPX_TSWsffK,https://youtu.be/wbZHhChx5yo?si=cUm3g60rm9AdLBXG,https://youtu.be/lEx5xmexOns?si=lSzvwS1H19CNTyXi,
https://youtu.be/-GAIe9DNFcc?si=9b1-UghaDbL4Tyqy,https://youtu.be/Zqa2mgjbOIM?si=L13_8AUU5aUknmtc,https://youtu.be/sQGn2zRnQGc?si=0hKTcv2qswoM8z7F,
https://youtu.be/bEiexyUqZLA?si=qCyC10EvQmLnIrLY,https://youtu.be/QvL--i2ICLU?si=T2ma8dgmStPV9fJ7,https://youtu.be/VgU83EUldE0?si=d6_Huv8XO5Ixc1FD,
https://youtu.be/KRRoQkkwuJE?si=mc0r2TMLDvlk9EEH,https://youtu.be/3LmSjmcUNh8?si=nAY-JZFpV11Lau77,https://youtu.be/5HxNaYwAWvE?si=_nHmc0TPuARlx0on,
https://youtu.be/W0DM5lcj6mw?si=t5Chs_UV_xzQ3q4D,https://youtu.be/r78QV5Cwiq0?si=R5gioP0mqqHRrJAi,https://youtu.be/iuxOcwfe9d4?si=QiivVOU-Rofunj5f,
https://youtu.be/dkKVMYYpeZo?si=LtCOCBxA_MEtZfu5,https://youtu.be/GzojHlqyOTs?si=V9iRlGJYECO1VKV_,https://youtu.be/skljvoaUdNM?si=ngcJkNFRkj6gL92K,
https://youtu.be/83xBPCw5hh4?si=vGrmEGW4WBLgbtnh,https://youtu.be/QvL--i2ICLU?si=T2ma8dgmStPV9fJ7,https://youtu.be/YYPOHznLa6Y?si=gInMEQxUGpuaIu9f,
https://youtu.be/p5rQHoaQpTw?si=NmCXgPmuGziCL1fe,https://youtu.be/CbNwDo9wXCI?si=5koFCe9msiGJTy1G,https://youtu.be/MS6t0K72IrQ?si=_KoABrHU5jQH1uRZ,
https://youtu.be/Bm5iA4Zupek?si=eRdKW3zFddRCmHzQ,https://youtu.be/SMuwlU62f34?si=-UEUYjb-PDLAkkgy,https://youtu.be/VXOYpBWPDTI?si=A8rVlagQG0H3AUcF,
https://youtu.be/2SUwOgmvzK4?si=6a8Ph_2DZQCx2URF,https://youtu.be/z5zu8A4-iQw?si=MeYLEKzh-1FIW3NT,https://youtu.be/pcc8dk8sZB0?si=qA3zvCSYbbsZPUon,
https://youtu.be/tR1ECf4sEpw?si=fuFaVI_2eo1u_Vzm,https://youtu.be/TrlKxV5KWJo?si=0200F01HI9FxNogR,https://youtu.be/LbsUzqBGLLE?si=bcF3aVHuo8zzjxL0,
https://youtu.be/fHI8X4OXluQ?si=7GBdQ0JMFhhmuNz4,https://youtu.be/0jgrCKhxE1s?si=ruOnMZOhNXsN7Rlb,https://youtu.be/gOPqXG0f7rE?si=ymgbk5ZsaV92vjv3,
https://youtu.be/qc98u-eGzlc?si=1MSlGOpebLNbig2z,https://youtu.be/UHXGc2oWyJ4?si=p7N2dtpTnO1J_-j_,https://youtu.be/A7A7JWEU39g?si=S01KoNkEfQ6IoYp2,
https://youtu.be/AQ0ktXH3LfI?si=e-ut2r3xLE9D7vOt,https://youtu.be/m_W4u1D_nlo?si=UOaPpv7YczLVcNV_,https://youtu.be/xORPfhW7GjI?si=GEGxCcRrg5sJemvx,
https://youtu.be/zJ6bBrB-OBA?si=145p8zYOWPNNFDhg,https://youtu.be/9yRme0C2pmI?si=sqfj35cZM5a143WW,https://youtu.be/oaqOd9bsfeo?si=1OLXfDWcJyDXa2Kq,
https://youtu.be/vc6vs-l5dkc?si=_RaUk1qVAwwel1_T,https://youtu.be/IaZReoUoDzU?si=BOIoYkFxi_pZd1M_,https://youtu.be/M7pvCiSii8Y?si=TluaZhkqePsA1WYC,
https://youtu.be/PTFwQP86BRs?si=IxuAelBhxjjnFD2s,https://youtu.be/uhzy7JaU2Zc?si=Q2G-suBKBgsgDmZP,https://youtu.be/YS3mJ5pFndk?si=Wuqi7Drs6oV5Vrba,
https://youtu.be/my6bfA14vMQ?si=oaA7cSZJcXfIcM5g,https://youtu.be/CiaMTs7dI4E?si=6Akh02mR9rde4GI4,https://youtu.be/DflYYP20k-g?si=FIwLdCP3rfMkNve6,
https://youtu.be/q604eed4ad0?si=00uUmuZbBg8a9XPe,https://youtu.be/5VCn4kNlrD4?si=E45o0-92YLMdCfW-,https://youtu.be/9dxJU9rDvx0?si=uQHJrcH7H8_lfJRI,
https://youtu.be/yPsqQ13UduQ?si=chvrcHDr-N0kxW9s,https://youtu.be/5eGbnVlRcRg?si=ydKq_XXuOm5tQRlE,https://youtu.be/UVVQG4I5Wzs?si=A9SFjnidIc7hs-Sd,
https://youtu.be/rO-VjVIGfDU?si=zBJ0G8HDXWSBiA3C,https://youtu.be/lN60upFRMsU?si=ML-hSxa9XuWq_eYj,https://youtu.be/cx0RSWZtwPI?si=pE46Jv3W83qusDhe,
https://youtu.be/W9y8aUi3qFY?si=p2ZlaurEXU_cMazV,https://youtu.be/ITtJ-jegSZo?si=xSMub5SdQ0gg3vKG,https://youtu.be/bg6QMrLv9ZQ?si=vVJUAOGIelIjD3-s,
https://youtu.be/JYJ6QJqy92s?si=gUK-Y5woyv0PgGE-,https://youtu.be/rY-FJvRqK0E?si=IIHBuETAB0qowA_m,https://youtu.be/bAvCjlEtWng?si=FCMAlpV-qARQuvye,
https://youtu.be/lAihDAJX8Ow?si=6j_M-EerN-Y9OTTB,https://youtu.be/Cg6IDiTqIUs?si=74hS18XNwiujVKJQ,https://youtu.be/wrkYwLbPg8M?si=KIrqPj3dxi1iMauF,
https://youtu.be/zIh5AHxh-Ok?si=jjOG3yxMQnLF8mgf,https://youtu.be/IQj8e60USMM?si=ljlQb6jR11J-GryT,https://youtu.be/gyjz3lekieQ?si=3o5KoaT6LDP11Pdl,
https://youtu.be/j0lSpNtjPM8?si=FJEiDHkwcblIojxC,https://youtu.be/u82lgoEA_Ps?si=QhtwL1pa0Awksf8I,https://youtu.be/3fMgPyjXCSs?si=THMtVub98CJItzx7,
https://youtu.be/yPsqQ13UduQ?si=chvrcHDr-N0kxW9s,https://youtu.be/Rvc6TPW-Oz0?si=0XbNT9fHkFvwri7W,https://youtu.be/ahLY3U2B_lU?si=ghtDv63vZeJrz9Eg,
https://youtu.be/EOU2HjLCgJA?si=TKSZi20okOmhqgAK,https://youtu.be/spIAUbk4r_k?si=00qWfK1QfJPJ-gwc,https://youtu.be/lx2aL9rLzyw?si=0TrqaZ-WK78fMVe_,
https://youtu.be/YXwYJyrKK5A?si=R5OTHcjbvMQW9lEs,https://youtu.be/Gs069dndIYk?si=90847lg5xK98t7el,https://youtu.be/csOp4eEC4Mo?si=v0SQv96OENSZl0OH,
https://youtu.be/dn3j6-yQKWQ?si=zxLmz1BcXmypTXxa,https://youtu.be/N4Db0oYKXvw?si=AHf6k5JjCXyBLude,https://youtu.be/DXzFukTUyhk?si=dwhRr4O9MINv_UtG,
https://youtu.be/ROgJTw3pQpQ?si=I0fD8u1XseVeCBlR,https://youtu.be/sthA7Q06Ar8?si=8tcJuyXMA4DZhm-U,https://youtu.be/81F9Ho2Tw9M?si=kbNIkNFH2tXYYY5A,
https://youtu.be/R8zZaCd2WEU?si=vkYAwusZ6nzUMzY8,https://youtu.be/QvL--i2ICLU?si=T2ma8dgmStPV9fJ7,https://youtu.be/CBFFYahWC10?si=N8vO2JXdXD1wTZ56,
https://youtu.be/-Fp0aTedjwI?si=SpDi7_63ojPlsE2s,https://youtu.be/IvUU8joBb1Q?si=tj_bniDJ4MKQaKmO,https://youtu.be/Z7XP1czleuU?si=ID_m--0Zy5f-gAOe,
https://youtu.be/YqYYgeeqRLo?si=sKQgbygMrYqy_Gh1,https://youtu.be/oFwV9bkmMSA?si=r81pOUfwenFhAGlu,https://youtu.be/v4DkeBt83z0?si=ISsxZU4QPblvgKOH,
https://youtu.be/z1237BOLkaM?si=TygzkQsKwj7UTeHv,https://youtu.be/LrkEc2V3mO4?si=m2TqHDw9fhUwSa_i,https://youtu.be/SNYwJiadtjA?si=v9hvXwK5vaUtsmPZ,
https://youtu.be/G-I9csAflBs?si=hyX9sptGcriDE3_G,https://youtu.be/E0ozmU9cJDg?si=pg8mSbiJgLqFHWK6,https://youtu.be/DFMVreYMY1E?si=w5SYkApxdeijt-0J,
https://youtu.be/6fVE8kSM43I?si=O1wF7phrUuwM7oFr,https://youtu.be/m1Iy9VSBg5A?si=16pmOVuuDs4zyIRL,https://youtu.be/Jq-feHFnOKQ?si=Zj6CIK5G7KjrON2z,
https://youtu.be/OoPHItnUFkw?si=5XQ-ozHJQ8x-Nscx,https://youtu.be/k49I5m1J6Is?si=jhLFzQK8ExAgY1SM,https://youtu.be/1gNzhIt9zX4?si=Y4gueIHfg51KOvDw,
https://youtu.be/B1zCN0YhW1s?si=mN4hoIRHHNDQ-088,https://youtu.be/6tV8jb258w8?si=_D91nfmc05FVjL4R,https://youtu.be/peSWkELVbZ8?si=eyCOSzxFlESvyDIY,
https://youtu.be/4QGqFfhKWYo?si=vZECW5K8UogIlgbv,https://youtu.be/TAqZb52sgpU?si=a-0LvldTU6Mdx845,https://youtu.be/9IzsXu7zHls?si=GEfWLSYqOjb9MG1l,
https://youtu.be/9XvXF1LrWgA?si=FLve5Ei5yDl-B8UY,https://youtu.be/09LTT0xwdfw?si=GYEFpNESAr7YTMGl,https://youtu.be/AzJXsnGCFM4?si=uwgGYAtE5l3uJ4jw,
https://youtu.be/iZGv_P-7rRM?si=zOMP_E4CZ734YBJb,https://youtu.be/hhSLkkLl750?feature=shared,https://youtu.be/KOSS5a4vBbo?si=-FuwRCdsg3ilu4ou,
https://youtu.be/QBgl4rVz3Ks?si=fXqIk_J0z7fiLi7L,https://youtu.be/_qDML_BCju8?si=y0Q7_8BQASMl2Bmu,https://youtu.be/N83RmVpoKaE?si=7q9wmeEB0uvQTWgM,
https://youtu.be/rdKfuwy6LUM?si=XrvgNMTPX5oIzO86,https://youtu.be/Gs069dndIYk?si=90847lg5xK98t7el,https://youtu.be/loRA5XxACcw?si=HQ46hcp5zug-pjyO,
https://youtu.be/eYBw6Cl4ico?si=iWICE3OwLeQd3sJ9,https://youtu.be/-Fp0aTedjwI?si=SpDi7_63ojPlsE2s,https://youtu.be/Z9NSIajUTcQ?si=SWFizLLLkbiL3cOo,
https://youtu.be/7SM5laxokpg?si=UjspB8djwIwuGDlZ,https://youtu.be/9bFHsd3o1w0?si=VxEsUx0FzDQzriOv,https://youtu.be/PLkpNU-1pd0?si=xyLjStnHmi9F98aK,
https://youtu.be/CSvFpBOe8eY?si=3eYGmX6w2JghfjNZ,https://youtu.be/N0dbGGvsjf8?si=vjiMukPX_TSWsffK,https://youtu.be/pfaeU8JVpdY?si=yiYxWfg_mODqaVEH,
https://youtu.be/Phx1k2mWWZI?si=0VkltXIaL-PKgnN7,https://youtu.be/gGdGFtwCNBE?si=vlwY72zkTnS1Uq0s,https://youtu.be/isbn7Cyzx3A?si=-q0E-Ctz18qYyWUj,
https://youtu.be/xqds0B_meys?si=RuLpENw4D3sgCMzp,https://youtu.be/MfXMy5jzaEQ?si=itA5Z6CfhwAXvPJo,https://youtu.be/IbxKEYGXvkA?si=1CCDRhiBiJymvgtt,
https://youtu.be/-Fp0aTedjwI?si=SpDi7_63ojPlsE2s,https://youtu.be/cPCLFtxpadE?si=z90MSIw8LMcsZ2Fz,https://youtu.be/3Tt6ClWmlR0?si=L3GmXyMSC0gVV-iP,
https://youtu.be/FxzBvqY5PP0?si=GhwhOOPkfdcmdqUw,https://youtu.be/tMDFv5m18Pw?si=KDw2hWj-ZANq-VAF,https://youtu.be/Ckp_JP9BNA8?si=nCzCG-pnkbLyU2q6,
https://youtu.be/0jgrCKhxE1s?si=ruOnMZOhNXsN7Rlb,https://youtu.be/0HhsT8dsmeA?si=7n83LrO4HAdTqzwg,https://youtu.be/oyxgRSbAY4Y?si=Ud9hngY1lzeZwLZ5,
https://youtu.be/vJwKKKd2ZYE?si=nKYAKf8ry6rbqUk9,https://youtu.be/zqNTltOGh5c?si=FOviaxqiwhyg8ABV,https://youtu.be/8n4vdKRVkCM?si=TfTGcvq5zvWWCVVx,
https://youtu.be/Cg6IDiTqIUs?si=74hS18XNwiujVKJQ,https://youtu.be/Zyyn5rvmJ9I?si=uTQLSWtFrrm-C15t,https://youtu.be/bDLn_RBf42c?si=91FlklTbqGERR6dP,
https://youtu.be/B_HSa1dEL9s?si=8BcYaJz-0S1lm48x,https://youtu.be/q604eed4ad0?si=00uUmuZbBg8a9XPe,https://youtu.be/WJna-cg4zBc?si=79qmmbmPqFFoERFG,
https://youtu.be/gGdGFtwCNBE?si=vlwY72zkTnS1Uq0s,https://youtu.be/wAPWGmvrqqw?si=GOjPAwuLYQdHPpmL,https://youtu.be/Ppn9UaYaMOg?si=P8Jp6nwWovNaEmo0,
https://youtu.be/sticXkHxZC4?si=YFpzhFHNX7MkTakR,https://youtu.be/iEe_eraFWWs?si=jdZy-xGgCpgIf5Wm,https://youtu.be/1VmQQsihcdA?si=Hir60IGG5cM9fE20,
https://youtu.be/0DOv0-2yyfE?si=os_NBZ1s8_3AkXdf,https://youtu.be/XOCqCGBCH30?si=RsbdiyDLgfq0q9_o,https://youtu.be/tzwXFGssmzo?si=sGUjSm7baagpGmjy,
https://youtu.be/2SUwOgmvzK4?si=6a8Ph_2DZQCx2URF,https://youtu.be/Wy5HTaOZ6EA?si=Gz01hMuTZuVkeaJo,https://youtu.be/I4xYoknOzIY?si=vNBsyu1UVoEcb6HE,
https://youtu.be/SsaFBNvhceA?si=K0ieXJH4fvBdIjjN,https://youtu.be/R8zZaCd2WEU?si=vkYAwusZ6nzUMzY8,https://youtu.be/kg6BQhqRGb0?si=vPvuEW3Q8GZqfdiQ,
https://youtu.be/0fZyNUikfEM?si=ipt6_hnZeaxpCUTT,https://youtu.be/KYHBv5miIqQ?si=QWicoJN0ZkJK7P8-,https://youtu.be/j8fskBmpB2o?si=Ifh_vvIXNVs-htyq,
https://youtu.be/LYU-8IFcDPw?si=SKVzquXCqZozeNnK,https://youtu.be/aJ9usrpAPao?si=PtwtP2iGCAPTFVRC,https://youtu.be/uOSQXdu7h2s?si=8AzqZi5zGinKIE3C,
https://youtu.be/Ps0MfBG5-Uo?si=ovUzrmLtKrazOxqF,https://youtu.be/NWi4eavotFk?si=yIS2rBennSy6T9Vx,https://youtu.be/c83qm5SOMkU?si=DCRzN208Ry6NUyjv,
https://youtu.be/wbZHhChx5yo?si=cUm3g60rm9AdLBXG,https://youtu.be/XOCqCGBCH30?si=pcvPERzl3YVxf7eM,https://youtu.be/BxitjYqUexI?si=oiNzJzoPBn1T-beC,
https://youtu.be/NjdgcHdzvac?si=6KTq7KcQYr9NSPLU,https://youtu.be/KNVdfiAfiIs?si=BnL704jlN_-VizbD,https://youtu.be/labsH3b-jAg?si=4mHWnJAr--IqQk4w,
https://youtu.be/kwwaWVP2PGE?si=ZxglljFfhgwEkT3N,https://youtu.be/a6g5zrz1O-w?si=Jv1XpMhVigj9C77z,https://youtu.be/3P8kjXv3g8E?si=YOSdkpbqJ1bIbLwi,
https://youtu.be/3O0D6MvWFf4?si=DUUqnfc3b6wW7sqT,https://youtu.be/vtlgWW8L8f4?si=g9--2MnNjb9-KWvq,https://youtu.be/qNEVCNB_Pv0?si=aMZzCAXoxJlOZRek,
https://youtu.be/0DOv0-2yyfE?si=os_NBZ1s8_3AkXdf,https://youtu.be/wbZHhChx5yo?si=cUm3g60rm9AdLBXG,https://youtu.be/9iiliS7j22o?si=dMSskY00Yb9E5EWV,
https://youtu.be/jRGrNDV2mKc?si=Zf1hEZUTxQa7b8xf,https://youtu.be/GibiNy4d4gc?si=9b08RIra7zNKCdrL,https://youtu.be/KzA0rJ_hVXc?si=zBtWMWibPqLf6nwT,
https://youtu.be/MGbjB0eVvko?si=S7f4jCOWXyGB-7-E,https://youtu.be/AQEpRTy_1bY?si=LiSGMtgLQ64mUjR1,https://youtu.be/Mpk2hC7iiGc?si=8aTu1hDlcpyLpmxi,
https://youtu.be/71aj9exPbIQ?si=Ic3HVQEyZ5c3DKX7,https://youtu.be/SE7EpX3TXgE?si=sk8OMLopAOYphG1a,https://youtu.be/WGRX3wzEEFQ?si=CmBIFexuXwH1YprD,
https://youtu.be/mprkqDNUQb0?si=61gDhUPeEhsBdPpP,https://youtu.be/_9bw_VtMUGA?si=b8b2SrO6mnf3PXAB,https://youtu.be/pjmzOD-_oHU?si=RMjsiXtO5VjXFyfT,
https://youtu.be/EFEmTsfFL5A?si=CUWgBYDjAsiaA0hK,https://youtu.be/H3axP4norfk?si=MV5ADnl3zArmpK90,https://youtu.be/-zrR2Ev_xFg?si=RFa3vrS3X6CoBA87,
https://youtu.be/bXcSLI58-h8?si=l9_Q5LEyO-Ks8k7t,https://youtu.be/dvgZkm1xWPE?si=AAB5Xri_WqOGk-G6,https://youtu.be/wseUBoATWEA?si=I2pW3L7HwSsQ-J64,
https://youtu.be/kwwaWVP2PGE?si=ZxglljFfhgwEkT3N,https://youtu.be/KRRoQkkwuJE?si=mc0r2TMLDvlk9EEH,https://youtu.be/O__hCjs0-cw?si=vHVbqNsSEL27oqQB,
https://youtu.be/JDHoc9qzC5I?si=UjCHioKhTkpRPkjI,https://youtu.be/OC5zHACynR4?si=qUm3wrkEs_-RN4rj,https://youtu.be/g4wOMapCHNc?si=H5uHytrzlsoXMmw1,
https://youtu.be/Fe93CLbHjxQ?si=qu8qzbKxFlhohCm5,https://youtu.be/ydWjQwvzxKw?si=FtOFaQjqtR6GqvTN,https://youtu.be/A-4e_p2Vcg4?si=h9TypXQ3-Y4a8eLa,
https://youtu.be/ax6UXyAXSZo?si=xOfYYCUrbynLk7GR,https://youtu.be/Gs069dndIYk?si=90847lg5xK98t7el,https://youtu.be/p5faHg_FjG4?si=u2jR5olqTV5l5sC_,
https://youtu.be/ZpUYjpKg9KY?si=IQ6KalfXoWWTxdmT,https://youtu.be/bmP3UHXYi28?si=k_BIhofGAO9Tq4dn,https://youtu.be/Buya8uafs9s?si=g0BtnopbKC6zmcT2,
https://youtu.be/djV11Xbc914?si=Ktt0c7xnDJI9oAS5,https://youtu.be/rrim6_9VSeM?si=Pd0wYu_IkSxeTBj4,https://youtu.be/fRwiTUkF9as?si=_PXKykSbpTS88BP_,
https://youtu.be/sjN-NGsRg9g?si=W6EV5flCKHhc4p-T,https://youtu.be/9bFHsd3o1w0?si=VxEsUx0FzDQzriOv,https://youtu.be/9B4nUo2oDPM?si=XJEoW7qehctTOKNc,
https://youtu.be/AQ0ktXH3LfI?si=e-ut2r3xLE9D7vOt,https://youtu.be/Cg6IDiTqIUs?si=74hS18XNwiujVKJQ,https://youtu.be/o-vHiR-GCzs?si=K0ksAy75CQfN5gil,
https://youtu.be/2SUwOgmvzK4?si=6a8Ph_2DZQCx2URF,https://youtu.be/sjN-NGsRg9g?si=W6EV5flCKHhc4p-T,https://youtu.be/m02CCAkR-Mk?si=kVpFmM1t68fLKagt,
https://youtu.be/ao-Sahfy7Hg?si=UzE-B4MOn0-mhsdc,https://youtu.be/0C3zgYW_FAM?si=kk1o2gFfUFYW6THC,https://youtu.be/pIVFmC9EsUM?si=Z8mjfAb0yejT8IDw,
https://youtu.be/3L4YrGaR8E4?si=pXjyEOHO5Wo_zcE_,https://youtu.be/fNFzfwLM72c?si=TNkUCEGHXTgigaZS,https://youtu.be/X1O3VLIWJ68?si=8FuNmraTe7z-siG_,
https://youtu.be/M1tIH55Bo8k?si=y3b598IdXDCN_gau,https://youtu.be/WA4iX5D9Z64?si=JzYgCLQxGEwZirjN,https://youtu.be/56Cqbk9CJz8?si=_q6ZeLIO3kcFGrHi,
https://youtu.be/Lt8AfIeJOxw?si=W3fXysz10lvci42E,https://youtu.be/N0dbGGvsjf8?si=vjiMukPX_TSWsffK,https://youtu.be/bSuY1EgvAjc?si=tTGH8PliNkjf66H-,
https://youtu.be/3WHm6tfvKlk?si=CjiL8u_B8B5k3ENv,https://youtu.be/WUNL7PjBr8U?si=bbxqwiRUyO_ksuYH,https://youtu.be/JN4G9tBU9YA?si=0aKBo34aBRctbbQX,
https://youtu.be/Gs0yvX301zI?si=ojSA1X6vN065BIJ5,https://youtu.be/1vrEljMfXYo?si=8e_lHSTpAGjn5eyA,https://youtu.be/zdohpTAFQqE?si=VimhO4FGaWrlz4yk,
https://youtu.be/vc6vs-l5dkc?si=_RaUk1qVAwwel1_T,https://youtu.be/IaZReoUoDzU?si=BOIoYkFxi_pZd1M_,https://youtu.be/d71OIvagvCg?si=kZqK3lUuLicPTw8P,
https://youtu.be/Aztdmq1tYY8?si=xq-7NAP55fAJSbKv,https://youtu.be/jtk_ymrGfnc?si=7nU01wc45lUMwkk4,https://youtu.be/MHZtnJUXIKs?si=Tm1qJ728QE_PcqhQ,
https://youtu.be/juON1q58tWE?si=hpV8dSa0hlM15Ujy,https://youtu.be/-Fp0aTedjwI?si=SpDi7_63ojPlsE2s,https://youtu.be/jIUW7kPW9hU?si=-2Uu357IdRsSHxWA,
https://youtu.be/Aztdmq1tYY8?si=xq-7NAP55fAJSbKv,https://youtu.be/cTMucy4PR2k?si=2fXIhT9A2gldnfuu,https://youtu.be/_C32VkbyogU?si=ViguASRgTbMxdeT3,
https://youtu.be/IXdNnw99-Ic?si=uj80lwEOs9nvgHBa,https://youtu.be/yaJx0Gj_LCY?si=w2nKTLW4ldL2vxRN,https://youtu.be/Cx7Cv9vKsRU?si=oQa2rGPcTwfGOrbQ,
https://youtu.be/6ONRf7h3Mdk?si=cSptb_QjOhhnZMSY,https://youtu.be/-Fp0aTedjwI?si=SpDi7_63ojPlsE2s,https://youtu.be/QvkkGMguNgA?si=gWUEswnn8ZkdU-B4,
https://youtu.be/wbZHhChx5yo?si=cUm3g60rm9AdLBXG,https://youtu.be/VDvr08sCPOc?si=kQPwf0beNhHy-KQF,https://youtu.be/6l4_yt24J7o?si=gtzPU4O8XYbnXG_G,
https://youtu.be/5GOE3w2ZUrQ?si=bMSZkAfJ7bkAn3ar,https://youtu.be/QYh6mYIJG2Y?si=Iz5Sonq_ktqPCEk5,https://youtu.be/e_MzFfsz2kM?si=DDo2VlWElrs8d2aB,
https://youtu.be/NWi4eavotFk?si=yIS2rBennSy6T9Vx,https://youtu.be/2CiHQpN58Mo?si=OicDkHwldkLSK9o_,https://youtu.be/5ArmoduBa1s?si=pI8BEpSef_fO9SgT,
https://youtu.be/hSI_9P9rRt4?si=9KoytH4YKnWsqv1x,https://youtu.be/oakC_u5vbdU?si=wMwfP_mk-nSrqkbD,https://youtu.be/QYenLZJGNbE?si=TVAcKXaMsxrwLmfs,
https://youtu.be/Lzi7ljJiLJQ?si=RagGtxg0O5kdEqto,https://youtu.be/mngtcfcaVrI?si=mWZX5OJzG7Vdh_O1,https://youtu.be/AizfGUp9NuU?si=cACzl3wjC4t9fp1M,
https://youtu.be/dmcNbsLCpBQ?si=lYboXgJH1QQwHw6F,https://youtu.be/6okxuiiHx2w?si=CRRXeaAApUVEJSzD,https://youtu.be/Cjo-K2fOrrk?si=Bin0ixm_zAMczzYe,
https://youtu.be/civuoU_NE38?si=8ff5rsVhYKPrwRQP,https://youtu.be/jtk_ymrGfnc?si=7nU01wc45lUMwkk4,https://youtu.be/c_uW9bZQxec?si=2tFt6k0AnUKURVmy,
https://youtu.be/8j9zMok6two?si=IM_P6Co5HTbc8Uzu,https://youtu.be/0NKUpo_xKyQ?si=cEspMXbbLXhV8ynY,https://youtu.be/uct6T6TRNPw?si=njsWplJQ7YBRSilu,
https://youtu.be/R8vpQdZErbw?si=wPAq8qfFA2zDuQ2Q,https://youtu.be/Tw8mpgccugc?si=IR-g-R9Lso1tzQQL,https://youtu.be/cGP83eLulps?si=7QvGCESGvwC3BbXr,
https://youtu.be/ozv4q2ov3Mk?si=t0eUPqfKpP1dRHwE,https://youtu.be/beINamVRGy4?si=rP5TuS32wKPiJh7Z,https://youtu.be/0hjyFPZq2Kc?si=fRc9S8D1gZxbxo1P,
https://youtu.be/zJ6bBrB-OBA?si=145p8zYOWPNNFDhg,https://youtu.be/sBvJUdBeY5s?si=ouMAha0Ns2Yts_lJ,https://youtu.be/xJ63HwKQJwo?si=0I5EXmPFbPKcqs1T,
https://youtu.be/GXn0dApcfW4?si=z9jYouYaJ5KubZTJ,https://youtu.be/Ic5vxw3eijY?si=RRZ9awgSSbSL7fA9,https://youtu.be/MkFudTIFSi8?si=OsjhbudRqFpgsTac,
https://youtu.be/SCq6gwidMT4?si=9a5MkfLY0JOZTPnv,https://youtu.be/Rif-RTvmmss?si=qb4c6bb4dCFC-yrT,https://youtu.be/k5YVO3SjOjg?si=w4UPkn7rngUJxdaf,
https://youtu.be/uXj8FM7lTrw?si=A8mee088hqiFRMqD,https://youtu.be/1sqE6P3XyiQ?si=mqv9cofUPmSpXLIU,https://youtu.be/jPbf2tnFHfY?si=X220aqGsWHeShTWR,
https://youtu.be/noHygl5CGEY?si=pGJWwUteGWmaK21C,https://youtu.be/djV11Xbc914?si=DQ8Utvgldl7vJjUQ,https://youtu.be/vBQoAtGSWm0?si=YJ94iwjfg85GNRQO,
https://youtu.be/e17mr5ZtWPI?si=GTsDjn3Q5ciAR_aX,https://youtu.be/-E-_IRJU5w0?si=POr9JfLLj91DUF_4,https://youtu.be/uoDAnvJs8XQ?si=vXVxZ3AVIdz9U-2R,
https://youtu.be/ZFlpVBFSEis?si=3Q3cmXp3RSldGun1,https://youtu.be/FfWg68IyoAg?si=BTqQtpmg04vOs7rx,https://youtu.be/4bEV1OD6uIg?si=-QLvel-0u4vVrKTt,
https://youtu.be/UJtB55MaoD0?si=Gl3eVZsltuunZdV4,https://youtu.be/67qworViFpY?si=90GX5wRrm1TurPzC,https://youtu.be/Bhfxn1AtVcw?si=akQs4aDa6BXQtehr,
https://youtu.be/u7XjPmN-tHw?si=Z-WvqgZ7cnyNiaLb,https://youtu.be/tR-qQcNT_fY?si=m3oM0Imri_zgywtS,https://youtu.be/wgy8m75UeJc?si=TTcNUILNHdsD0YaE,
https://youtu.be/ygI-2F8ApUM?si=s3EIc9JxR0qB4dJD,https://youtu.be/C9IwBJYTwQ0?si=AHkVpmJUiA4jL7hg,https://youtu.be/k-nrWDR9fdQ?si=EIg0yOeQq4JyHpG7,
https://youtu.be/foE1mO2yM04?si=bDS0M2Zl-CWZ0aQ9,https://youtu.be/bLOGsOvg8uo?si=qx7fiMMdptSPWgya,https://youtu.be/qVtZhmpBynI?si=Vgq8APAWCdT0ZZgW,
https://youtu.be/tgIqecROs5M?si=MYsBfLC1BcKOxTp8,https://youtu.be/ySb1f9zWJkQ?si=rYvMkumvOamuQp6u,https://youtu.be/6hNJA3pO_AE?si=b4ihV7CDJiTmOWD1,
https://youtu.be/LO2RPDZkY88?si=Dwy5S4SnX-5t2FhF,https://youtu.be/8aShfolR6w8?si=Oe74533Zxu2eA-nI,https://youtu.be/-1kqLaJKILI?si=9EKFWVUrNqgr5B9y,
https://youtu.be/-5IXuIvDWu0?si=fL6Mh2b1-VOdURaF,https://youtu.be/VbD_kBJc_gI?si=1feijbVQbGnGjGSP,https://youtu.be/RfoNZNYPsSw?si=yq4825FeEVfdm1oz,
https://youtu.be/0DOv0-2yyfE?si=BlOgJkfV0K2JZqVd,https://youtu.be/8UVNT4wvIGY?si=uC8nLb0ztu-FlIKN,https://youtu.be/zH67Q3uU1e4?si=PEGEOCxWcbX-uSz1,
https://youtu.be/yzTuBuRdAyA?si=2POrFbcqSJt49yUd,https://youtu.be/N8ZAx_OvKpM?si=r4eOSNV4srgDhsKw,https://youtu.be/-_mQ-QfehGQ?si=4cKbApITn1zePz-9,
https://youtu.be/dZX6Q-Bj_xg?si=aF0rRV1Hn7tIC5O8,https://youtu.be/5NV6Rdv1a3I?si=rkQHd9lmKTyRCjpZ,https://youtu.be/fdZirjYDMqo?si=GdnDJOYkr3rOdlFP,
https://youtu.be/pXorhy6NU4g?si=Hbp454U3FsSLWbxn,https://youtu.be/SQh1zztmpEk?si=h03oXVXcF_vqOJVq,https://youtu.be/yfQyGdJMnLE?si=GLn9aSo8x-adGjOB,
https://youtu.be/bpOSxM0rNPM?si=BHYsiu3P7xGl9bQ-,https://youtu.be/-tJYN-eG1zk?si=5WaLWZ2X9SM87yvQ,https://youtu.be/zogNSA_5X6I?si=X4mxSaEpepHZZNXR,
https://youtu.be/pb-EwykPTv8?si=0DVuO9KJzG4aWkrz,https://youtu.be/QOowQeKyNkQ?si=rIK8flUZO_m1JZ2m,https://youtu.be/8m-XO2cR6wU?si=a8Oo4u1J8Pq5Mv7j,
https://youtu.be/m-M1AtrxztU?si=ZpSuC3abYwLmm1vm,https://youtu.be/FxzBvqY5PP0?si=GhwhOOPkfdcmdqUw,https://youtu.be/h49OIQwSSZk?si=148EXS1EztGA2JJI,
https://youtu.be/2fngvQS_PmQ?si=61ltMSWGmjObq5c2,https://youtu.be/0ch6TejAufE?si=l7NJ4daZTKSSYMYk,https://youtu.be/MvwRNMy9Dco?si=cGH7a9Q1cN7WIdNt,
https://youtu.be/7jTq2FXKr0g?si=IjlLJd130Yy219f5,https://youtu.be/J9z9mujofcg?si=UzDnCmnD4XgQq-p-,https://youtu.be/Z_BkvLWMX70?si=hp90FhxrPzp00u7B,
https://youtu.be/nMwLbAZMdV4?si=9izOe0qKB1e8ezKz,https://youtu.be/77PzXCKDyVQ?si=TJxTBojrBZIRWkeu,https://youtu.be/Mha0fbMrsMA?si=5K8tjoC5asQAeFHp,
https://youtu.be/hV2z4oBNFKs?si=l8EnsPtpZG2_gvrh,https://youtu.be/zlX77iUupAo?si=jltREa5WEus3cmuN,https://youtu.be/sKz5acKsOt4?si=4q3cvsbYPkUrWsOK,
https://youtu.be/_wjFahULCK8?si=jNOrasTdL54w-yfv,https://youtu.be/8xG7mH8i-WE?si=lfI1qN6mLVKt2KtY,https://youtu.be/Z5a-eLkbKtg?si=as-eW0DBLIS4jB_e,
https://youtu.be/y6120QOlsfU?si=29mQDi-UTgjnd8qM,https://youtu.be/QFy0hQ3lY-w?si=ue5eBHvE_XgEQhxN,https://youtu.be/D2lWvPM08kw?si=YPlr8zGdbpyTiHjy,
https://youtu.be/1lWJXDG2i0A?si=VRVsLuwNLr3hTUyg,https://youtu.be/0ncqa7iifD8?si=43z1QvTyBTDgQw8x,https://youtu.be/hQB2-3Rp14Y?si=o6Q38VUOHEPL8O5O,
https://youtu.be/PDboaDrHGbA?si=GhRzyZRaPHU4Zb7_,https://youtu.be/gCYcHz2k5x0?si=kJz4MeSHjpcAitmU,https://youtu.be/PEi8L_Me6ww?si=T23OmDrsawD65sXA,
https://youtu.be/oPA0z4W-kcU?si=izKEmqlv3ymCpCw_,https://youtu.be/aT5JaB5agSE?si=5OszsZQ_1kVzLi8l,https://youtu.be/qhk3jghtUu0?si=wxSL_50eLO7gr-eJ,
https://youtu.be/WlTlUseVt7E?si=f1Dyu2KrHn-0gorO,https://youtu.be/B2q_nYPms5I?si=uJ0KvHhqONxuEneE,https://youtu.be/I9QTTc2tihA?si=6nbKB5VM0_SlDIO7,
https://youtu.be/Tt7KcLSvjBU?si=eX2KjpY_iho6KsEF,https://youtu.be/kLojMGNEJ1M?si=ylMpP1QsM89tw3dk,https://youtu.be/GOodMqWEMiM?si=YIHn0BJg-D2zi3-6,
https://youtu.be/3oUPGbRazaA?si=dz3JBMK_OQQhwTWp,https://youtu.be/3mWbRB3Y4R8?si=7KY2mTEmOz1u8JXx,https://youtu.be/XteP4C7IX7Y?si=f8PfywvbCFhTs6Yf,
https://youtu.be/jqYxyd1iSNk?si=RIkqL5gandQX6jmK,https://youtu.be/FQlAEiCb8m0?si=DgOaJ3AWdul07vYJ,https://youtu.be/7aXmmOfFkuk?si=MXr4JGLoJuwfrwkF,
https://youtu.be/8xG7mH8i-WE?si=lfI1qN6mLVKt2KtY,https://youtu.be/dn3j6-yQKWQ?si=JP4xILMpfKXVbUVk,https://youtu.be/DhvXST1Rc3g?si=r0q_1Frbl3suGb-n,
https://youtu.be/KRRoQkkwuJE?si=63QOCQdlEFdr9pGB,https://youtu.be/Zwnvgz3ey78?si=WC6iubg9Cr8ARm4z,https://youtu.be/yO3MwSbsju8?si=IzyzZMNniBkFxuuH,
https://www.youtube.com/watch?v=uxpDa-c-4Mc,https://www.youtube.com/watch?v=oWknlFu0D9Q,https://youtu.be/JoqH_8bf8zQ?si=hTECHAvX1z3_0vXt,
https://youtu.be/ONrKsy7eRIs?si=K9XRHmJhnBselDF9,https://youtu.be/nsXwi67WgOo?si=5yTjT-9zBDxJuWvZ,https://youtu.be/OOZ7kWVxZMI?si=CLpY1Xa1IQB7nf5I,
https://www.youtube.com/watch?v=1RKqOmSkGgM,https://youtu.be/ibknqhNDa9c?si=vq_3QErqOq3UB1_u,https://youtu.be/KElJxw25G_g?si=3GLyPTlWpMQKs-5E,
https://www.youtube.com/watch?v=JGwWNGJdvx8,https://youtu.be/09LTT0xwdfw?si=PtTdDnC5ImozezOy,https://youtu.be/-PeeDCnoG3k?si=t1b8tKLLKGetCpDe,
https://www.youtube.com/watch?v=nlcIKh6sBtc,https://www.youtube.com/watch?v=PTFwQP86BRs,https://youtu.be/hvP1qOqE6Zk?si=5yo3-fesdTME2SSr,
https://youtu.be/fWNaR-rxAic?si=ZKQfL-dqe_RCteeX,https://youtu.be/tMDFv5m18Pw?si=cRT8L2qGMFxml840,https://youtu.be/iuE_L-SuUzA?si=srw2rvsQkzqKVI-G,
https://www.youtube.com/watch?v=fe4EK4HSPkI,https://www.youtube.com/watch?v=hTWKbfoikeg,https://youtu.be/H_DWoIHD_7k?si=FFLgr1LoAkTtCalT,
https://www.youtube.com/watch?v=god7hAPv8f0,https://www.youtube.com/watch?v=ZhIsAZO5gl0,https://youtu.be/qMZIg0btqMU?si=Vt0kNJodm0LYiPXK,
https://www.youtube.com/watch?v=C6MOKXm8x50,https://youtu.be/LrkEc2V3mO4?si=Yq3uYEVO5hOsnysB,https://youtu.be/SNYwJiadtjA?si=r_KbFZMi1kgj0NVf,
https://www.youtube.com/watch?v=09LTT0xwdfw&pp=0gcJCZIAkZFA-ciq,https://www.youtube.com/watch?v=e-ORhEE9VVg,https://youtu.be/obBelA1srtw?si=18mzXUtvoj8p1NDZ,
https://www.youtube.com/watch?v=PTFwQP86BRs,https://www.youtube.com/watch?v=OAC4ItP0xWM,https://youtu.be/YS3mJ5pFndk?si=v86hy4hLyABqaTUp,
https://www.youtube.com/watch?v=4kQMDSw3Aqo,https://www.youtube.com/watch?v=7YQESUr8Cxc,https://youtu.be/hX4Ju2DHH6Q?si=3TpSD9EsyffhEm1k,
https://www.youtube.com/watch?v=zHftCNi6VHI,https://www.youtube.com/watch?v=dlObDivWgx8,https://youtu.be/Fegs-XVKgnM?si=hYOCiMf9AZN5LhGz,
https://www.youtube.com/watch?v=TgNWyBXBC0E,https://www.youtube.com/watch?v=qORYO0atB6g&pp=0gcJCZIAkZFA-ciq,https://youtu.be/wPIm1NnmVCc?si=Sc3ve0BxHXpXcjMb,
https://youtu.be/M1tIH55Bo8k?si=zghg-3RYl67QmuQv,https://www.youtube.com/watch?v=WA4iX5D9Z64,https://youtu.be/56Cqbk9CJz8?si=SOE0M2akOuo3REMp,
https://youtu.be/OF04pKp-r9o?si=L_xumyLlpTY89TDZ,https://youtu.be/77PzXCKDyVQ?si=eoQzJGg6nEyIu6F7,https://youtu.be/7jXeM1B4XxQ?si=51daxv8mKCDcYNV7,
https://www.youtube.com/watch?v=BC19kwABFwc,https://youtu.be/kXYiU_JCYtU?si=jl8ABpvkS_6MQds2,https://youtu.be/2qt129RMv7I?si=iY0H-AAOWP0ye-bh,
https://www.youtube.com/watch?v=3-BcH7KowGE&pp=0gcJCZIAkZFA-ciq,https://youtu.be/msTVnawtLVw?si=PlBljOf_gRqctgjP,https://youtu.be/G9-FOsfmpiU?si=UkQFPoFTtTtc6INm,
https://www.youtube.com/watch?v=h_m-BjrxmgI,https://www.youtube.com/watch?v=MKYY0IlTMw4&pp=0gcJCZIAkZFA-ciq,https://youtu.be/Mp9MTBz5eJA?si=1rmeZR8h_DGymYJf,
https://youtu.be/0NKUpo_xKyQ?si=h4gCBI61GDp21Yj6,https://youtu.be/8j9zMok6two?si=mVuRGRV8uKrDp1Q8,https://youtu.be/uct6T6TRNPw?si=bA9MW8O7_hsYGHdR,
https://www.youtube.com/watch?v=SC4xMk98Pdc,https://youtu.be/Tw8mpgccugc?si=ngW1UJ0udtcckBvQ,https://youtu.be/cGP83eLulps?si=Gi9ypOufTuUh2Itn,
https://youtu.be/ozv4q2ov3Mk?si=22SECZJBJrD_7ekr,https://youtu.be/beINamVRGy4?si=VtXAofcEwXe1YCwc,https://youtu.be/0hjyFPZq2Kc?si=G-bGeMnkEIaGFQMg,
https://youtu.be/Pw-0pbY9JeU?si=-rfrwFkgpIgmfJym,https://youtu.be/sBvJUdBeY5s?si=XzEvgNkU1HZvg_gh,https://youtu.be/xJ63HwKQJwo?si=TeYsdAegfGvE_BK9,
https://youtu.be/gub9x8fP6yw?si=LaySvZ2T7p7nP3dp,https://youtu.be/PfYnvDL0Qcw?si=PVQTHMlYoxc2xU2x,https://youtu.be/9HsmG_1eh3M?si=c-L7DK_HAUlpMNRN,
https://youtu.be/GXn0dApcfW4?si=fFKSt_NSPN319v2G,https://youtu.be/Ic5vxw3eijY?si=lEBlOiyynFDRfEGN,https://youtu.be/MkFudTIFSi8?si=wXyRDA8nzaP-apa0,
https://youtu.be/VWSRtPTmRr4?si=78ChY7cCOGOkKFfk,https://youtu.be/plnfIj7dkJE?si=pbp8RfZGHcZmFrFR,https://youtu.be/k5YVO3SjOjg?si=w2Qdy2or0UmC38Bk,
https://www.youtube.com/watch?v=-BdhWorN-BE,https://youtu.be/bZIOTv249fg?si=YGLicff84QxG5JE6,https://youtu.be/xaL7k66_pOM?si=f830MiTNQWRf9Zhb,
https://youtu.be/47dtFZ8CFo8?si=h_UupjvisSGY4FRZ,https://youtu.be/1sqE6P3XyiQ?si=dikqlIclTg-1AEBT,https://youtu.be/jPbf2tnFHfY?si=NjPpNMfLPJhGWQDx,
https://youtu.be/noHygl5CGEY?si=2ZAFKsl8GfGbkGiS,https://youtu.be/djV11Xbc914?si=oiByAJ2DlQtiZ_nR,https://youtu.be/vBQoAtGSWm0?si=Br1CNgYEvxXMNcMP,
https://youtu.be/e17mr5ZtWPI?si=Y3jqmwPaBeyGmsYO,https://youtu.be/6GCNUeTFSbA?si=HS1fUmqC6680-6rd,https://youtu.be/uoDAnvJs8XQ?si=G5do84mxCL9JA9yT,
https://youtu.be/ZFlpVBFSEis?si=YLIYvgJxzeuwpQv0,https://youtu.be/FfWg68IyoAg?si=vK1lA9BlbA8Ejcp4,https://youtu.be/4bEV1OD6uIg?si=vwZs5aYwC99IILbN,
https://youtu.be/UJtB55MaoD0?si=FjMvreBl4wSUxV1i,https://youtu.be/67qworViFpY?si=vI7Z4wbCCoFJn3hy,https://youtu.be/Bhfxn1AtVcw?si=la79BdxRHHXiM7g5,
https://youtu.be/tR-qQcNT_fY?si=GTX33AciaFkyFN42,https://youtu.be/u7XjPmN-tHw?si=INRWlEn73W7MvuSU,https://youtu.be/wgy8m75UeJc?si=bQb3pfSyzPYFrlbA,
https://youtu.be/ygI-2F8ApUM?si=LFWGNP4EQCvfnKZy,https://youtu.be/C9IwBJYTwQ0?si=lvIJvtHZh-yramJ0,https://youtu.be/k-nrWDR9fdQ?si=9Gf2Svj6zk7Q042U,
https://youtu.be/bLOGsOvg8uo?si=uEcH60xdL2r196he,https://youtu.be/foE1mO2yM04?si=acos-D3-Cv8fntxJ,https://youtu.be/qVtZhmpBynI?si=UUVpc0vvMfR6LbZT,
https://www.youtube.com/watch?v=tgIqecROs5M,https://youtu.be/ySb1f9zWJkQ?si=KtVeUnkLncRrtzWO,https://youtu.be/6hNJA3pO_AE?si=9eo691uWCxz_5QaZ,
https://youtu.be/dZX6Q-Bj_xg?si=Vkt-Zy5sl0b_4Ahw,https://youtu.be/5NV6Rdv1a3I?si=RmM65GqsyEmuS6KW,https://youtu.be/fdZirjYDMqo?si=9GKIf6cGq7tJRgOF,
https://youtu.be/FsfrsLxt0l8?si=x7a8XroIEak2Go2w,https://youtu.be/J9z9mujofcg?si=0uQxOY9Y8oPras-h,https://youtu.be/Z_BkvLWMX70?si=gCwAjIrXYiN5JwtE,
https://youtu.be/hV2z4oBNFKs?si=1uYzbJNsVQnKzA5a,https://youtu.be/qQHgmkcwp8Q?si=AUAdpkK9hDx2N3Un,https://youtu.be/sKz5acKsOt4?si=c8R9CnujFdHp03gs,
https://youtu.be/L_jWHffIx5E?si=SMk4UADRWNxQZmp8,https://youtu.be/oPA0z4W-kcU?si=IK7ojYhUyXy68GWy,https://youtu.be/qhk3jghtUu0?si=QQwzlACrf_Upg3-M,
https://youtu.be/Tt7KcLSvjBU?si=kPh6I6LwpZ1qOY9x,https://youtu.be/kLojMGNEJ1M?si=_Yj5w9H0riwpKgl-,https://youtu.be/GOodMqWEMiM?si=MoiVJ-L7uoSZNhtF,
https://youtu.be/3oUPGbRazaA?si=OqTbLEg4X6Petf9r,https://youtu.be/3mWbRB3Y4R8?si=OwoaHXvw8DQXZnvK,https://youtu.be/XteP4C7IX7Y?si=ffFc9NH85jCdMSBg,
https://youtu.be/vc6vs-l5dkc?si=Lplv9MnSU2icNUJM,https://youtu.be/OFG04sXpbf8?si=DqWnICLvPGIIQgoB,https://youtu.be/GdlmQN9FGzg?si=pstGnvvNzZo4RsJp,
https://www.youtube.com/watch?v=IPppmmoBnP8,https://www.youtube.com/watch?v=7-D83f33pAE,https://youtu.be/jUu7BLJRRHM?si=cw6zTqH3foY5DgVt,
https://youtu.be/rYEDA3JcQqw?si=PiwMrQ7RzhD_hvbx,https://youtu.be/rrim6_9VSeM?si=sepBepQ5cXEYI5-C,https://youtu.be/-dkN_84EGj0?si=NebLP92FHFQgPBY5,
https://youtu.be/WlTlUseVt7E?si=fARUFRDHqJGU9wrZ,https://youtu.be/pBkHHoOIIn8?si=CrA3NorkaohLfXHk,https://youtu.be/eU0dj-vacUc?si=OrW7wMfgJ5SRY9G6,
https://www.youtube.com/watch?v=3GwjfUFyY6M,https://youtu.be/dW2MmuA1nI4?si=EIfpCTVXUGzKy48d,https://youtu.be/RXliqTQu9Ho?si=O9QZQ1tzpQ1scRCL,
https://youtu.be/pok8H_KF1FA?si=_aJdAAclTy2xS1mZ,https://youtu.be/PBwAxmrE194?si=HCaXsp6YttHJiO5w,https://youtu.be/c-wKekU54Q8?si=S6H42GvZpAa6i2G1,
https://youtu.be/H_IEIG57FRc?si=4bmCpsoG1oQcSSCY,https://youtu.be/bmfudW7rbG0?si=CwGqpKrIWcAnsUlx,https://youtu.be/R2DTXCEXnTU?si=IW0bZHBYozisI4mz,
https://www.youtube.com/watch?v=s4qTqO_dWJw&pp=0gcJCZIAkZFA-ciq,https://youtu.be/3CS93CdMv_E?si=j8Jxya2L95ytdLEx,https://youtu.be/wXzg0D-cKds?si=4oXnItqNlrAx4zjm,
https://www.youtube.com/watch?v=Qz253RXKi0U,https://www.youtube.com/watch?v=uXoEXqwfY3Y&pp=0gcJCZIAkZFA-ciq,https://youtu.be/v7Q0hvqmFRI?si=Y3sazd6_yiLubn-W,
https://www.youtube.com/watch?v=6M6samPEMpM&pp=0gcJCZIAkZFA-ciq,https://www.youtube.com/watch?v=AUChk0lxF44,https://youtu.be/CAIaxBrgMKY?si=8z3ulRrOWURyp-hg,
https://www.youtube.com/watch?v=tGE381tbQa8,https://youtu.be/H_IEIG57FRc?si=ULrTrYEggmqcYIaD,https://youtu.be/VnjgU6gqDdk?si=FVY18mt6JvWxolYk,
https://www.youtube.com/watch?v=UceaB4D0jpo,https://youtu.be/Jmv5pTyz--I?si=RGKs6GJRAco-PEhB,https://youtu.be/J6wIqW-ob64?si=XQeyjLtPb0gnhoXU,
https://www.youtube.com/watch?v=EI-4f3yUq5U&pp=0gcJCZIAkZFA-ciq,https://youtu.be/x-64CaD8GXw?si=U_WW2rbSqQyK20XD,https://youtu.be/ebqVGRRBWfw?si=apHGcrAHnqwUM_aX,
https://www.youtube.com/watch?v=hT_nvWreIhg,https://youtu.be/TdrL3QxjyVw?si=2eZFd-mZ-WiKTWN6,https://youtu.be/Jxtw-OYsD1I?si=hsumNP7l5-FasN6d,
https://youtu.be/yyjUmv1gJEg?si=ql4Nt4i-XkWoR2qW,https://youtu.be/uxpDa-c-4Mc?si=3uDhP15IZzLRWlap,https://youtu.be/gYOEyzBFYa4?si=FL3FwScgmLy3_Ydh,
https://www.youtube.com/watch?v=YkyhvCdJ_vM,https://www.youtube.com/watch?v=6JCLY0Rlx6Q,https://youtu.be/NLVkbbG5UZo?si=f_vE57d9oOSm_zBI,
https://www.youtube.com/watch?v=uxCaW7bzrKY,https://youtu.be/hTWKbfoikeg?si=sWtizTNZ27QY5YuI,https://youtu.be/P6twq9JS4Wk?si=DRKxUKAuwXyY9ReV,
https://www.youtube.com/watch?v=4wOLVrGHiIU,https://youtu.be/L_jWHffIx5E?si=waxQrtq4Xt3lytFf,https://youtu.be/jutSZVzV5QI?si=dZdiuYwqItvOCl5n,
https://www.youtube.com/watch?v=dvHFVGvISSQ,https://youtu.be/s29S11y8hkc?si=XqjBdhVzrNIMTNP_,https://youtu.be/npNzueXLpak?si=DbqMi_ecdtWDdDEh,
https://www.youtube.com/watch?v=m7Bc3pLyij0,https://www.youtube.com/watch?v=kVpv8-5XWOI&pp=0gcJCZIAkZFA-ciq,https://youtu.be/hE7jyhh6xM8?si=O47yEsWIKK6J4uIi,
https://youtu.be/dqt8Z1k0oWQ?si=JTAI8Gmcnh9WDbpg,https://www.youtube.com/watch?v=PivWY9wn5ps,https://youtu.be/enXT1AF8-N0?si=CDBd4MeMaR4fRYLz,
https://www.youtube.com/watch?v=e4Ev4t4m8Ek,https://www.youtube.com/watch?v=psuRGfAaju4,https://youtu.be/MS2mW7wLq1M?si=YgWvgNC_T--14a2t,
https://www.youtube.com/watch?v=pIgZ7gMze7A,https://youtu.be/vc6vs-l5dkc?si=6u72VJzrZZfvXyve,https://youtu.be/0ihsakuzwI8?si=kt49i247L2mNbUPd,
https://www.youtube.com/watch?v=B6tP8jXb5wQ,https://www.youtube.com/watch?v=DyDfgMOUjCI,https://youtu.be/QHRDG-Fe0Eg?si=-yUemC6XwZfmNTXh,
https://www.youtube.com/watch?v=YlUKcNNmywk,https://www.youtube.com/watch?v=NF-kLy44Hls,https://youtu.be/B6hAGk6s20E?si=Jw95Xd65Ssjat-Hl,
https://www.youtube.com/watch?v=L_jWHffIx5E,https://youtu.be/a01QQZyl-_I?si=cPb5l2qFzsmUZ-6L,https://youtu.be/LNJH0KCGLeQ?si=Y0n9JGOI2GAOvEVc,
https://www.youtube.com/watch?v=TgNWyBXBC0E,https://youtu.be/9bZkp7q19f0?si=XcBwSD5u8KTAQogo,https://youtu.be/82LCKBdjywQ?si=IViwmqPpLfBG9Gfw,
https://youtu.be/y8vLMHeO_5s?si=dsLVimkqRA4luSw6,https://www.youtube.com/watch?v=fNFzfwLM72c,https://youtu.be/s8Kzqzd5IT4?si=XfeTntEFxWfWk3g9,
https://www.youtube.com/watch?v=vNoKguSdy4Y&pp=0gcJCZIAkZFA-ciq,https://www.youtube.com/watch?v=IPXIgEAGe4U,https://youtu.be/hm2DSqgU-Xc?si=cf399RF4yzQCauKP,
https://www.youtube.com/watch?v=T3rXdeOvhNE,https://youtu.be/4kJ9wp-mog8?si=9Yo6-Jxvas4qJ6VA,https://youtu.be/xCIQDYS7Ycg?si=hbsFuB53KGZTQolM,
https://www.youtube.com/watch?v=YkS523hpCiw,https://www.youtube.com/watch?v=yXQViqx6GMY,https://youtu.be/hgnxxTECLBo?si=ZIzJJU29ieqHV8Mo,
https://www.youtube.com/watch?v=L_jWHffIx5E,https://www.youtube.com/watch?v=JGwWNGJdvx8,https://youtu.be/tnCejHuqWLM?si=ox9VdH-vomUy4-S6,
https://www.youtube.com/watch?v=18oYGsmUprM,https://youtu.be/PfYnvDL0Qcw?si=KR1Wi3aDEh8brXky,https://youtu.be/M8pCAmh5zkQ?si=z4X7B6w6ej7THVeW,
https://www.youtube.com/watch?v=VPRjCeoBqrI,https://www.youtube.com/watch?v=SC4xMk98Pdc,https://youtu.be/Ip-jMecZ0CI?si=wWmrsSFpCRHzCfiW,
https://youtu.be/ghb6eDopW8I?si=B9Ac68hvz-kNflzl,https://youtu.be/09LTT0xwdfw?si=WA7Zb2QuYMQ_pBFK,https://youtu.be/iAtNswun8lQ?si=Eza2rPTogjs54m5u,
https://youtu.be/XJcU-iKqQxY?si=G_aN4Fze8ULzDuJn,https://youtu.be/aatr_2MstrI?si=Ksh6QMhMrblcp1CC,https://youtu.be/xByAFLAjIrg?si=C8cjGoTJqoQQT7z7,
https://www.youtube.com/watch?v=GscChVGolZo,https://youtu.be/w3viBe2Q0P8?si=TyFxkogLkf4mvsoo,https://youtu.be/y_P4GsOvFqk?si=H7TZrRwLV3WiO3Fb,
https://www.youtube.com/watch?v=djV11Xbc914,https://www.youtube.com/watch?v=EZW7et3tPuQ,https://youtu.be/24l8n2hZkoM?si=1FTgqsl92FWTU-ra,
https://youtu.be/NlprozGcs80?si=NB6TlmMwugMLUQQ9,https://www.youtube.com/watch?v=SeIJmciN8mo,https://youtu.be/nRTBM4UwnBs?si=u89g0bzHtfZm2d2t,
https://www.youtube.com/watch?v=UAWcs5H-qgQ,https://www.youtube.com/watch?v=tI-5uv4wryI,https://youtu.be/d07vmvuZtvY?si=Mb3L7E5F8k_QW4Yq,
https://www.youtube.com/watch?v=mvGdLH_B--4,https://youtu.be/WgxGftJ_OxE?si=9TMZ0YqzyCROSUo_,https://youtu.be/oZnf5Uckdug?si=X1PMaF6-sooHPRiy,
https://www.youtube.com/watch?v=izGwDsrQ1eQ,https://youtu.be/LkIWmsP3c_s?si=XX5RbAyT0C28CSKK,https://youtu.be/HRqio9wgosI?si=Ghs3gB2ek_92Q8cY,
https://www.youtube.com/watch?v=SSbBvKaM6sk,https://youtu.be/hTWKbfoikeg?si=280umvDGxKDqjWf1,https://youtu.be/v2iY-6gw-DU?si=YBE4mJED_PTR-MUd,
https://www.youtube.com/watch?v=psuRGfAaju4,https://youtu.be/QBgl4rVz3Ks?si=iSpCOzdCmcIO4LsI,https://youtu.be/hmW_ewCIrU0?si=_HBSBAf7b72x2OZK,
https://www.youtube.com/watch?v=T_lC2O1oIew,https://youtu.be/EFEmTsfFL5A?si=Gs7t8RGabsW2_Dck,https://youtu.be/RPV3V9U5uik?si=KCYDc8wp26_MpwaU,
https://www.youtube.com/watch?v=btPJPFnesV4,https://www.youtube.com/watch?v=btPJPFnesV4,https://youtu.be/JyQtmPmX0c0?si=EZzzD3Fw73gXqQ5w,
https://www.youtube.com/watch?v=HyHNuVaZJ-k,https://youtu.be/CxPc1Q3-0zc?si=ZjREHC1rCWb29GdK,https://youtu.be/yIDOOQ-XZNo?si=KVyg60ZW3fQeiG9E,
https://www.youtube.com/watch?v=uv_1AKKKJnk,https://www.youtube.com/watch?v=TUVcZfQe-Kw&pp=0gcJCZIAkZFA-ciq,https://youtu.be/q67wkImPE_k?si=4UHp0VRXudS_BrB8,
https://youtu.be/RJW82ef1Pqc?si=l2PcZ26m3Ylfq6s6,https://youtu.be/OFG04sXpbf8?si=G7UazJPyUuUy4KJX,https://youtu.be/EbG1d5xD-OM?si=n0qjik71qg4Cg8HS,
https://youtu.be/rQH8vrOBrPs?si=vaML5UEH9nJABrU3,https://www.youtube.com/watch?v=xOazTYPrt64,https://youtu.be/gOyoeCwJHhw?si=WOK9NFb_wt2-4dLC,
https://www.youtube.com/watch?v=vWaRiD5ym74,https://www.youtube.com/watch?v=Up4WjdabA2c&pp=0gcJCZIAkZFA-ciq,https://youtu.be/e_RNoggxPa0?si=jkGco2cGXdOzOVNE,
https://www.youtube.com/watch?v=pAgnJDJN4VA,https://www.youtube.com/watch?v=fNFzfwLM72c&pp=0gcJCZIAkZFA-ciq,https://youtu.be/OrlWWrSwaB8?si=Abi30NU-V0wrsJ4u,
https://www.youtube.com/watch?v=12hLNbXKCs4,https://www.youtube.com/watch?v=TUVcZfQe-Kw,https://youtu.be/kHcs2KNq3Dk?si=3MZteHH76rHPm4OJ,
https://www.youtube.com/watch?v=SC4xMk98Pdc,https://youtu.be/1G4isv_Fylg?si=Wpzvu3so2-VYwZWN,https://youtu.be/IrNrE8asb1U?si=YzrUwXi-KoGvCVDa,
https://www.youtube.com/watch?v=r5MR7_INQwg,https://www.youtube.com/watch?v=NHozn0YXAeE,https://youtu.be/0R_rBqHdzFc?si=rD6GMoT6bzxjHlYa,
https://www.youtube.com/watch?v=fe4EK4HSPkI,https://youtu.be/Rm_9mxZV10U?si=lunGICpspBa1M7-X,https://youtu.be/loRA5XxACcw?si=jSTHc-z220AFSlf_,
https://www.youtube.com/watch?v=iP6XpLQM2Cs,https://youtu.be/ahdH8eTydWY?si=3ywPcEjOZP42eE3u,https://youtu.be/t_geVfSUhsY?si=wzHlx8EY3B0zn3fw,
https://www.youtube.com/watch?v=H202k7KfZL0,https://www.youtube.com/watch?v=IPXIgEAGe4U,https://youtu.be/zlNr3IID5fc?si=RM9D3aMd7HNmPwVG,
https://www.youtube.com/watch?v=ANS9sSJA9Yc,https://www.youtube.com/watch?v=3AtDnEC4zak,https://youtu.be/BviPitqMsfU?si=sl9uyZ0I6BCIVC-M,
https://www.youtube.com/watch?v=aSQ5jq2qXN0,https://youtu.be/JWSjPaJUisI?si=bTlBSwB8U7rR6ANR,https://youtu.be/sLW5vBie_F8?si=Me1oMk0WkcuGX9hu,
https://www.youtube.com/watch?v=Ljg6g7BAdQo,https://www.youtube.com/watch?v=s1XbPXdgEEA,https://youtu.be/aiG6BbG6FEE?si=fAZD7Yl9WDJ_0gYT,
https://www.youtube.com/watch?v=j0lSpNtjPM8&pp=0gcJCZIAkZFA-ciq,https://www.youtube.com/watch?v=TSVHoHyErBQ,https://youtu.be/3fMgPyjXCSs?si=YtC_3DHw_MVN8yWu,
https://www.youtube.com/watch?v=xxJ3CBkZOwU,https://youtu.be/WUNL7PjBr8U?si=So-CjMESzArqbOa1,https://youtu.be/tmmCW8Cz7mE?si=YqM_KWAiV3L7p-UV,
https://www.youtube.com/watch?v=i4B5VcoaS9s,https://www.youtube.com/watch?v=fNFzfwLM72c,https://youtu.be/77SNTq7h3WQ?si=5a-kDf2XYjdn1D2-,
https://youtu.be/yRYFKcMa_Ek?si=e3ZcYQ_6CtuNoNVt,https://youtu.be/dLl4PZtxia8?si=N_Tzw4hO4lNgVIaz,https://youtu.be/T3OjUex9DLw?si=TtljlHg-mB7RhqsD,
https://www.youtube.com/watch?v=6Ux6SlOE9Qk,https://www.youtube.com/watch?v=CevxZvSJLk8,https://youtu.be/lsbJYmZuB5w?si=GrYdZ6gP9eNHsRIN,
https://youtu.be/itRFjzQICJU?si=qR5le35uJS_pfhQY,https://youtu.be/A8V0-gLxeB0?si=vNNib7E45qH8RFBO,https://youtu.be/eO3RTdyZkB4?si=E9ftGS1eZ8wgaZb8,
https://www.youtube.com/watch?v=1ekZEVeXwek,https://www.youtube.com/watch?v=kXYiU_JCYtU,https://youtu.be/9gJeVEhcFR8?si=f4CBSM4yOBzpD3j7,
https://www.youtube.com/watch?v=JGwWNGJdvx8,https://www.youtube.com/watch?v=BQ0mxQXmLsk,https://www.youtube.com/watch?v=kXYiU_JCYtU,
https://www.youtube.com/watch?v=Gs069dndIYk,https://www.youtube.com/watch?v=iGKJe7QGoXk,https://youtu.be/csOp4eEC4Mo?si=VttZvhmJ79JxAWzz,
https://www.youtube.com/watch?v=B-yAMfNT2mk,https://www.youtube.com/watch?v=QZXc39hT8t4,https://youtu.be/4Lv0c956__o?si=TqestK32Ox-SDK8k,
https://youtu.be/F57P9C4SAW4?si=XTXzKVCFxIF-Ucqy,https://www.youtube.com/watch?v=NJ2regeDoJw,https://youtu.be/2uOD5jNCmAs?si=dBQOlo4e7bRVzOPo,
https://www.youtube.com/watch?v=ApXoWvfEYVU,https://www.youtube.com/watch?v=fKopy74weus,https://youtu.be/7BiFKWElsHI?si=840T54P8YPxviiUw,
http://www.youtube.com/watch?v=VwXeN2..,http://www.youtube.com/watch?v=E9s1lt..,https://youtu.be/2Wy3iCGi7u8?si=JWD8kOTLwR6jfVTE,
https://www.youtube.com/watch?v=hTWKbfoikeg,https://youtu.be/9jK-NcRmVcw?si=NGrwJWuanZz5yCWd,https://youtu.be/rr06IyWMf4Y?si=U3WMkXElPsgMTrNq,
https://youtu.be/5y_KJAg8bHI?si=O56fbPNiKMriuGy6,https://youtu.be/dQw4w9WgXcQ?si=bTij9xHbiKPBQeW5,https://youtu.be/oT3mCybbhf0?si=WWjVaDf4d13_41j2,
https://www.youtube.com/watch?v=oK4YnZeqp_0,https://www.youtube.com/watch?v=OMOGaugKpzs,https://youtu.be/VEfCXfcmzoo?si=SfwMuWckoQrKZbuF,
https://www.youtube.com/watch?v=yXQViqx6GMY,https://www.youtube.com/watch?v=RRKJiM9Njr8,https://youtu.be/3zQ53oXITyk?si=dtBGqBKcIpLTF0rV,
https://www.youtube.com/watch?v=MYvjW3zdCws&pp=0gcJCZIAkZFA-ciq,https://youtu.be/kTJczUoc26U?si=Tmbc3bkAXUam8OQR,https://youtu.be/a-UkFEI0ASY?si=yrZkWprGkm1XqVUt,
https://www.youtube.com/watch?v=l8djdhhFuxo,https://www.youtube.com/watch?v=7PBYGu4Az8s,https://youtu.be/dUDWoc_SMaM?si=xGwCfjUW283s9Jme,
https://www.youtube.com/watch?v=JkK8g6FMEXE,https://youtu.be/e-fA-gBCkj0?si=P80CNfU5aY0pDRY9,https://youtu.be/lFlWNr8g6gQ?si=7buXkm1g2RYcTWD3,
https://www.youtube.com/watch?v=0KSOMA3QBU0,https://www.youtube.com/watch?v=32si5cfrCNc,https://youtu.be/DhiIhEuURSU?si=184la0WBwAF_vh8s,
https://www.youtube.com/watch?v=2cXDgFwE13g,https://youtu.be/PfYnvDL0Qcw?si=ZFI4pojBh3sckAXu,https://youtu.be/v-4_5M20BcE?si=-PfUr6Hn4cXMDrpt,
https://www.youtube.com/watch?v=onzL0EM1pKY,https://youtu.be/RglMIKG0GFw?si=fYZxuwfh6K_m1NhX,https://youtu.be/0MjysDl_nGw?si=YQrqa-WLefjgxM82,
https://www.youtube.com/watch?v=ilLEuwH4hws,https://www.youtube.com/watch?v=dvgZkm1xWPE,https://youtu.be/Hkr98q6CwUQ?si=J4Xi7Xwei6FpaW0t,
https://youtu.be/fvzs2ozG-mc?si=UHdy4DKUvV3sC1bL,https://youtu.be/CxcEqhy4yKg?si=RPIt05U9Q8AqgURT,https://youtu.be/e1Th6Zlx9Us?si=IuEgkaf4Cj1UGAHa,
https://youtu.be/ZmDBbnmKpqQ?si=SjrKXB2GcMcfLPDK,https://youtu.be/YVVTZgwYwVo?si=VZEpKLaLSzU_CUKp,https://youtu.be/PHmbNarbOtk?si=2qK92XN6jIY1m7LF,
https://www.youtube.com/watch?v=vRXZj0DzXIA,https://www.youtube.com/watch?v=Dkk9gvTmCXY,https://youtu.be/lXyQCew6_hU?si=nX2aC4BIjS1z9Plw,
https://www.youtube.com/watch?v=ffxKSjUwKdU,https://youtu.be/68ugkg9RePc?si=SfHM-schc6DQbLEN,https://youtu.be/0kTGyFqJwZ4?si=Nrl60gtwydXmjz70,
https://www.youtube.com/watch?v=U3ASj1L6_sY,https://www.youtube.com/watch?v=RB-RcX5DS5A,https://youtu.be/ouiUsQg-ZXc?si=hl1Dp0IOyJZ-8o90,
https://www.youtube.com/watch?v=gdZLi9oWNZg,https://youtu.be/ZyhrYis509A?si=OP0bbRzeNgucscI1,https://youtu.be/uIQuKxIEnZY?si=pGxkfmy6r3TjUWSz,
https://www.youtube.com/watch?v=-PZsSWwc9xA,https://www.youtube.com/watch?v=oz0Oz5tBOg8,https://youtu.be/vlT0XNnBC5I?si=YYiiwFn7xxWf8sRp,
https://www.youtube.com/watch?v=QSD_idsZmOU,https://youtu.be/GG7fLOmlhYg?si=0syG_Pz_lCFbrJ4X,https://youtu.be/kUhTinOlXsQ?si=mGshWKbrUzkTzP3U,
https://www.youtube.com/watch?v=04ISBxRATKA,https://youtu.be/OGUy2UmRxJ0?si=PQj8YhvinuryOxh5,https://youtu.be/zBVaN5diBFY?si=aALp2TkqlPLv4Dpl,
https://www.youtube.com/watch?v=g40o6EpiEtM,https://youtu.be/K4KlIFJxlNU?si=9fJD9rYc49_Cz9oO,https://youtu.be/h2may6pQ6ko?si=-cfWbq89k57LxY_y,
https://youtu.be/WA4iX5D9Z64?si=AbUTBQP3t69NljJo,https://youtu.be/HNX7kGrnTsA?si=yHsKs25To0RVvjkY,https://youtu.be/YSfvrjvaspY?si=PSwIMpEjxoRX3QlO,
https://www.youtube.com/watch?v=ffxKSjUwKdU,https://youtu.be/3NW5DNQubKc?si=YVPZ2pRtqhAbfu9B,https://youtu.be/GXFOx19anpg?si=COXVrEIrcFupq4cn,
https://www.youtube.com/watch?v=Rb6Scz-5YOs,https://www.youtube.com/watch?v=Wnn6M1nNiKQ,https://youtu.be/muvXhZbET_0?si=jsUmi6l4g1wVRxrs,
https://www.youtube.com/watch?v=NaFd8ucHLuo,https://youtu.be/bKxodgpyGec?si=6DgZigP1t0vO9LGI,https://youtu.be/bUVf06EKWyg?si=pFGk26LwLyPHBE5k,
https://www.youtube.com/watch?v=49lY0HqqUVc,https://www.youtube.com/watch?v=Nj2U6rhnucI,https://youtu.be/D4GPkAEWWkM?si=HDA_aFdo8HzecpZC,
https://www.youtube.com/watch?v=3YxaaGgTQYM,https://www.youtube.com/watch?v=TSVHoHyErBQ,https://youtu.be/yXhX_VY0I9o?si=_MDgOlRJjV0ctoKD,
https://www.youtube.com/watch?v=1onq8NCCzLo,https://youtu.be/pggMMljKtp0?si=xgQUcx-T0e1Ch_r6,https://youtu.be/v9b368Yjexk?si=zU8-WGpVKn8oAvnW,
https://www.youtube.com/watch?v=tQ0yjYUFKAE&pp=0gcJCZIAkZFA-ciq,https://youtu.be/FbcLcSY2au4?si=Q0a4XZYVKcOkzO1E,https://youtu.be/ZNKmkKiz-nQ?si=4mCPEOqz-iKWaC_X,
https://www.youtube.com/watch?v=TWhJWFgseRk,https://www.youtube.com/watch?v=LOZuxwVk7TU,https://youtu.be/q_cCOAs2mwE?si=d1-OyzcaMu3Ta1hW,
https://www.youtube.com/watch?v=dVOntlo8wys,https://youtu.be/EwTZ2xpQwpA?si=AeGl4rSIUnnvzyt5,https://youtu.be/_f5brPwTWP8?si=AkCuzlwrMIWjGsew,
https://www.youtube.com/watch?v=9bFHsd3o1w0,https://www.youtube.com/watch?v=gZXKl36YS9k,https://youtu.be/YIy_rxAaWTo?si=AnvgawT0v7H4SqRv,
https://www.youtube.com/watch?v=UTHLKHL_whs,https://youtu.be/k85mRPqvMbE?si=RvUxpoBlSB_d35f0,https://youtu.be/oFmpuUzoMQc?si=dN2UlUTgWpcv46zO,
https://youtu.be/1aPOj0ERTEc?si=--5aRU5LiDhM1s9P,https://youtu.be/Wwohhs3LvRQ?si=e6WlrzWTDC-7n8GL,https://youtu.be/8n2m1RKvyzg?si=E8GP9E_mrQpeJlur,
https://www.youtube.com/watch?v=X2MGCIDOMZ4,https://youtu.be/YzizrbBFTak?si=CGvrpmb4Gx7_RSZu,https://youtu.be/cxQNXBDxnvw?si=_J0_-94Cnr8Z0AYX,
https://www.youtube.com/watch?v=uLK2r3sG4lE,https://youtu.be/x8VkB8ap_FQ?si=QF9x89JiUEsHZPkW,https://youtu.be/DwuJVQ683Ho?si=Pz6c6v76chAFNtZD,
https://www.youtube.com/watch?v=xaPNR-_Cfn0,https://youtu.be/O3ZP8JlG8mY?si=4dEN7awYblH0gB3O,https://youtu.be/PaIIav123W4?si=QB2LMuZMWSvM9-S0,
https://youtu.be/F0cdbR5ognY?si=rO_uLt0MhquN3M6h,https://youtu.be/L_u97PqWX6g?si=G15DXF0FJFEOGS4D,https://youtu.be/OSEsvt2aa6s?si=4sNZljf80tYtrkPa,
https://www.youtube.com/watch?v=sNY_2TEmzho,https://youtu.be/rwlFWWGaZ5Y?si=vG3vDfsbB0T7yONo,https://youtu.be/XawIptTS1so?si=GX6SoYf10b0rupNC,
https://www.youtube.com/watch?v=V9PVRfjEBTI&pp=0gcJCZIAkZFA-ciq,https://youtu.be/FMlcn-_jpWY?si=bf2og9G1fm6iK24w,https://youtu.be/Jpy14puhrRA?si=ZCDxxAaW39cbmg0I,
https://www.youtube.com/watch?v=KEG7b851Ric,https://www.youtube.com/watch?v=QJO3ROT-A4E,https://youtu.be/1u6uDX6EC7Y?si=nbBpwfglomPkvJj1,
https://www.youtube.com/watch?v=DiTd771WumE,https://youtu.be/Py9S2bD0RZQ?si=3O_DCe6gaLkMSm8X,https://youtu.be/pUpG4ekOrWA?si=XP_wgAbWoH-gzn7b,
https://youtu.be/elueA2rofoo?si=hSz8za3wP8wd_OYd,https://youtu.be/huGd4efgdPA?si=zbLwcY3d-5xvDV88,https://youtu.be/ZG-dhblBQ8k?si=VXmAu8Ke9tQFflbP,
https://www.youtube.com/watch?v=0habxsuXW4g,https://youtu.be/Aki05PCJWtE?si=vnBUXsdvdQQtxoNA,https://youtu.be/IMQEev1alyI?si=Vf9er_QrBHxnqEE5,
https://www.youtube.com/watch?v=NTSO2bDqcXY,https://youtu.be/BT_83vSP1es?si=BjuMvNdsR9cw0n2R,https://youtu.be/az3OK59vzL0?si=-HlqigtTVxjcdzz0,
https://www.youtube.com/watch?v=9s77KHQouWI,https://youtu.be/XzOvgu3GPwY?si=cm5ULExWFEScmSO4,https://youtu.be/uo-FatLLO9Q?si=LhW10I_WI2w4Og92,
https://www.youtube.com/watch?v=k4X9bXkKUJE,https://www.youtube.com/watch?v=STLaD0gu034,https://youtu.be/MMonXcgoj78?si=osT0yFDCertsIvWC,
https://www.youtube.com/watch?v=U3ASj1L6_sY,https://www.youtube.com/watch?v=eJSik6ejkr0,https://youtu.be/9KWtGaDnI30?si=RrsSp8i0w-oNwKaA,
https://www.youtube.com/watch?v=G7KNmW9a75Y,https://youtu.be/a2giXO6eyuI?si=4aAqzjr1bqfpBXZI,https://youtu.be/GzWIQTYICmw?si=SbXkodz6QWewUMQX,
https://www.youtube.com/watch?v=Ahha3Cqe_fk,https://youtu.be/tjjADhzQKNM?si=Z6o7toHch5ENH5Sg,https://youtu.be/HBbd6a7DD9s?si=A_hztbKwEp50-MhG,
https://www.youtube.com/watch?v=QBGX9QirWaU,https://youtu.be/GwWaFgu8q2w?si=qbhVAg9UE-aihPOU,https://youtu.be/LO3Ax4itZV8?si=eEFiezU2XsEWhiMH,
https://www.youtube.com/watch?v=yXQViqx6GMY,https://youtu.be/jNEATuzKrr4?si=cFsiY8ugjN5pNboB,https://youtu.be/0q9OFbB7cnI?si=zPNRYPvudh-qZDuL,
https://www.youtube.com/watch?v=p1JPKLa-Ofc,https://youtu.be/DnJbp0tOGMs?si=kKdzYyKyWIk7En0l,https://youtu.be/fHPvvE-kdvc?si=7RkbldsNKNy0v0pg,
https://www.youtube.com/watch?v=m4_9TFeMfJE,https://youtu.be/gJLIiF15wjQ?si=cwQYCvhedDQz7jn0,https://youtu.be/tfdURglCks0?si=eksDRRNs5dUM6CyN,
https://www.youtube.com/watch?v=AX0TM08PQjQ,https://youtu.be/K4r4lysSgLE?si=Lr5GKSDB_X3Pdaif,https://youtu.be/8uf25wbj3s8?si=xm5lytBk-g3vONB3,
https://www.youtube.com/watch?v=sQEgklEwhSo,https://youtu.be/1N1RwMOcjks?si=HjNHox7mnJBseyLJ,https://youtu.be/7o5U9tt7D08?si=DmIlHCthV27nEwQ5,
https://www.youtube.com/watch?v=qQuQ8zDxGh0&pp=0gcJCZIAkZFA-ciq,https://youtu.be/OLGqgh8cebg?si=HKZ3vmy7q0_8Sfdd,https://youtu.be/yejJH3wtVyA?si=Gx3XTclOtAAmJwN0,
https://www.youtube.com/watch?v=RlPNh_PBZb4,https://youtu.be/LrXL6nmJFFM?si=x3DOXp6X8TSnww6j,https://youtu.be/buLhfQ58tP4?si=1P_ho5u4041aROQk,
https://www.youtube.com/watch?v=vjbBaai9ZA8,https://youtu.be/ov4WobPqoSA?si=IK64q5DRRbOy74MY,https://youtu.be/nsUzOdjLvBQ?si=EAlYbT1jcoJ3-whE,
https://www.youtube.com/watch?v=yQBImEeXNZ4,https://youtu.be/OE7IhVLrrNw?si=R1cWjPg14sFdkir_,https://youtu.be/l9JhsxgYE8Y?si=WVeY5Ia_PH2snPZI,
https://youtu.be/Ewr6snhvnJo?si=jAj0EbsthrJp7dLC,https://youtu.be/iEe_eraFWWs?si=8jrzUSjc-_D2k-H3,https://youtu.be/-mKfscZwhf8?si=9ZiMY0FMCqf8BAF3,
https://www.youtube.com/watch?v=FKXSh14svlQ,https://www.youtube.com/watch?v=QDYDRA5JPLE,https://youtu.be/BEh6X6aCGK4?si=OorcZ0KfXDd2dmXS,
https://www.youtube.com/watch?v=g40o6EpiEtM,https://youtu.be/K4KlIFJxlNU?si=ffKtgmFD03IEiT9F,https://youtu.be/h2may6pQ6ko?si=y7oJdQN6PZLv-OxL,
https://youtu.be/g7X9X6TlrUo?si=eEM3N51eGFM73hut,https://youtu.be/LKroRc-gZVA?si=jiM09mKLQ7Veg1nQ,https://youtu.be/fvVZiBsb97s?si=Sxn4lEEJuTDkziL8,
https://www.youtube.com/watch?v=lVhJ_A8XUgc&pp=0gcJCZIAkZFA-ciq,https://www.youtube.com/watch?v=DFMEBquxeO8&pp=0gcJCZIAkZFA-ciq,https://youtu.be/ffL7DwtYpoo?si=BhmjUqNfsaio2b-2,
https://youtu.be/v9NQYKv2rTg?si=3kA-Zt9EVQFnECkR,https://youtu.be/K4KlIFJxlNU?si=QKVo1d4nB2RHDnhU,https://youtu.be/DYMKe32xvLM?si=GiDu0k6Na5cIeUKN,
https://www.youtube.com/watch?v=niG3YMU6jFk,https://youtu.be/1mNCReRRnVw?si=w4fztFCtafs5_jOy,https://youtu.be/YqfVq0wX4Tc?si=-ALK3LkGvuJnWRiR,
https://www.youtube.com/watch?v=2Vv-BfVoq4g,https://youtu.be/_dlExeOyFh4?si=nmwalp1DTL2pZXYD,https://youtu.be/DzKSG0fFOEc?si=epmhQS_rlTfy0D1n,
https://youtu.be/0Kg9xRooTVk?si=zprCLsnG6pYyumxy,https://youtu.be/P01O1As5hLE?si=Fv4jfQBTXpt1Mnrg,https://youtu.be/AwbjT7VMQHg?si=swnPz-7qzUubfhTw,
https://www.youtube.com/watch?v=FfesqRkdSEk,https://www.youtube.com/watch?v=LDZX4ooRsWs,https://youtu.be/B1cC9nqVEZ0?si=SimXiMqVGROMv7U1,
https://www.youtube.com/watch?v=KynkMn5Hv3Q,https://www.youtube.com/watch?v=M8GX0cZ-xtw,https://youtu.be/_W70TsMOJY0?si=EgiIyb69hxKBmLFU,
https://www.youtube.com/watch?v=04ISBxRATKA,https://youtu.be/OGUy2UmRxJ0?si=EiQ6eNoFdgGg6Xs_,https://youtu.be/zBVaN5diBFY?si=h779Ta0nIfQhZvGY,
https://youtu.be/ieLLUeB-aLk?si=GQY8-7ErvrBjKr4Y,https://youtu.be/uxpDa-c-4Mc?si=33M-imNLXb_1s1MW,https://youtu.be/1t262cTPcX8?si=rr7a0k39v565fm-C,
https://www.youtube.com/watch?v=MYvjW3zdCws,https://youtu.be/kTJczUoc26U?si=smPO9A98rkkWc-Ra,https://youtu.be/a-UkFEI0ASY?si=TImwrhSogSTrovAf,
https://youtu.be/4P9XUrniiK4?si=XEQUIO4ifijq3T9y,https://youtu.be/G6AcBEz3Qxg?si=1wuMnlB3t2jcmy24,https://youtu.be/c7pjtccM6WA?si=9YMANNtnHets0OJ0,
https://www.youtube.com/watch?v=jJdlgKzVsnI,https://youtu.be/6swmTBVI83k?si=DKm_AkoPdER8E7iz,https://youtu.be/mYqRCi577kI?si=Zb6VzLkLyYeosdIA,
https://www.youtube.com/watch?v=5cMf4y0qhqM,https://youtu.be/HCq1OcAEAm0?si=k4THmhw64LJtJi5-,https://youtu.be/rw9ZpEPc5gc?si=9DyfrMrj0nzxM4rM,
https://www.youtube.com/watch?v=BPgEgaPk62M,https://youtu.be/ieLLUeB-aLk?si=fqTIi2VTNsbp3udu,https://youtu.be/dW1x3tTJNwY?si=--a_RuoLkgN3F1Tb,
https://youtu.be/tQ0yjYUFKAE?si=x_th5DwuqgOojsB8,https://youtu.be/FbcLcSY2au4?si=ViGZ2x5mrvgU_2ua,https://youtu.be/bpOlSKiEe-E?si=DFKAp0FajUs-a4t3,
https://www.youtube.com/watch?v=jJdlgKzVsnI,https://youtu.be/kaoYLN4mOxg?si=_2DqCKC3zbMTq7Wp,https://youtu.be/nVE2hCC1UXg?si=S481a5D8H9uz6oNt,
https://www.youtube.com/watch?v=sP7lp8UD1Xw,https://www.youtube.com/watch?v=UAsd7bKXmXI&pp=0gcJCZIAkZFA-ciq,https://youtu.be/1VIqYqutMOo?si=M0bA_ncwoBk6INF-,
https://www.youtube.com/watch?v=_xJUCsyMQes,https://www.youtube.com/watch?v=PznMpRASjAg,https://youtu.be/uBS9d16AOUw?si=v4S6xRpm1OplfeQc,
https://www.youtube.com/watch?v=PznMpRASjAg,https://youtu.be/R6I7keZgoHc?si=gj-6mp0ECmIt3yHt,https://youtu.be/sQFrM6Qge-Y?si=kBMIbFY2H9-lj3v0,
https://www.youtube.com/watch?v=M8GX0cZ-xtw,https://youtu.be/7PBYGu4Az8s?si=QTM6vllPasTyXn04,https://youtu.be/FsHhYgWhilw?si=6sjWS9D7_O94_hUu,
https://www.youtube.com/watch?v=rCiBgLOcuKU,https://www.youtube.com/watch?v=LW9rITLjKz8,https://youtu.be/r_U7HNH1byI?si=K3iQiq7AfleFoEda,
https://www.youtube.com/watch?v=jJdlgKzVsnI,https://youtu.be/Kmz8lbcfs6A?si=JZEfDi7iHqAFCizb,https://youtu.be/66ajoHjYeao?si=IlsY7qG6TKx6pVMw,
https://www.youtube.com/watch?v=1ekZEVeXwek&pp=0gcJCZIAkZFA-ciq,https://youtu.be/Bx5qkQyLw7o?si=Wnwn6xNWPcreAMkG,https://youtu.be/ctI3dFnTQUc?si=3VQj7ekVDhNwVX4l,
https://www.youtube.com/watch?v=jJdlgKzVsnI,https://youtu.be/GrAchTdepsU?si=fLMYhtz92BhhJvYj,https://youtu.be/28plCsl4TKc?si=S6RCeuIwSZ3RKX-X,
https://youtu.be/B6_iQvaIjXw?si=2PMivjG1Slkn4FmE,https://www.youtube.com/watch?v=6GcpNvYFMGE,https://youtu.be/vRlUvBlVkiU?si=2Dswykyc15S_CNC7,
https://youtu.be/CnAmeh0-E-U?si=6PDVGTO9snNmBDfc,https://www.youtube.com/watch?v=tcYodQoapMg,https://youtu.be/OtaUfRjW_gI?si=-Tjro9Ku4Nz0qK30,
https://www.youtube.com/watch?v=jJdlgKzVsnI&pp=0gcJCZIAkZFA-ciq,https://www.youtube.com/watch?v=LBBZeJhteRE,https://youtu.be/_5qS0xuIfzU?si=LQQS2kyN903PrXwu,
https://www.youtube.com/watch?v=9Sldg-8dVGU,https://youtu.be/f7ld-3nZUxA?si=8dfCNbci4rn30vyU,https://youtu.be/rtKSzne0Vdo?si=QAXl06D0SUXiue1w,
https://www.youtube.com/watch?v=A-nGop2FIt4,https://youtu.be/qjlVAsvQLM8?si=MzvE9uYuUv-wZwrp,https://youtu.be/uub1F-WE0O0?si=VlmeVzc5LgEXWPgA,
https://youtu.be/7EvwIw4gIyk?si=K_S4h9Xap-hwjIOu,https://youtu.be/uHpcbSsPrRE?si=k0dU5OU6D0xJe17Y,https://youtu.be/eeW3Md23u_c?si=-yRzRtp8Oo92ds_6,
https://www.youtube.com/watch?v=hV355XRhqr4,https://youtu.be/RQTgJRwMdKQ?si=YrMZO_rV0IzSTsYZ,https://youtu.be/Sc3SoOx0yG0?si=ntYxn7gK-xgbQKS8,
https://www.youtube.com/watch?v=kHMXNPkNTTQ,https://youtu.be/gPNx8I4Mk3g?si=p5rLKU37gtI1G3do,https://youtu.be/TEaGiPGDT8g?si=hxhK8JsqtCtsga7t,
https://youtu.be/HeK1zQFJtXE?si=to2GB-WMQEhsKjqS,https://www.youtube.com/watch?v=DvUeqRmUO9Q,https://youtu.be/D02SvYVfWxQ?si=C5SpEe4n64Wyv8RA,
https://www.youtube.com/watch?v=LH4Y1ZUUx2g,https://www.youtube.com/watch?v=wlzGXcTzdzU,https://youtu.be/PvgvCVOgjBs?si=AvsIIxuPPAZUr-9h,
https://www.youtube.com/watch?v=WXBHCQYxwr0,https://youtu.be/k0QWX2M7W7M?si=xa4z1nTNidh-7bGI,https://youtu.be/esQ5dpXsBuE?si=w6XxNXTvGyrGunBj,
https://www.youtube.com/watch?v=olGSAVOkkTI,https://youtu.be/Uly501wCkYI?si=U33AoclWZFOhDzag,https://youtu.be/J2AMQ9qddxw?si=jWIsgOFCnAmRQvOW,
https://youtu.be/oQbh5Kvet04?si=XjJ2N3OA9-kgJ5f7,https://youtu.be/kUjKxtJd21E?si=IZnrYoR21CVwMrRz,https://youtu.be/Bdxv3IpdsCY?si=mJzxX073-Hg79n_0,
https://www.youtube.com/watch?v=hsm4poTWjMs,https://www.youtube.com/watch?v=DyDfgMOUjCI,https://youtu.be/p8VitnPLbXI?si=GC00kX4RQEzjJl6A,
https://www.youtube.com/watch?v=AoAm4om0wTs,https://www.youtube.com/watch?v=61aps2QioAQ,https://youtu.be/7gfMMFb4Gr4?si=_S1ZCP0ea2hN5_hg,
https://www.youtube.com/watch?v=Z1pmpDRrQhU,https://www.youtube.com/watch?v=bnVUHWCynig&pp=0gcJCZIAkZFA-ciq,https://youtu.be/Byapo_A51Hk?si=FmRx293NEil8iunw,
https://www.youtube.com/watch?v=0w1Jw_HmWds,https://www.youtube.com/watch?v=MGmqxpjwhv8,https://youtu.be/fq7DrGq_R5I?si=YxsUkIuxBR6rVaOc,
https://youtu.be/U6wSqROUAOY?si=pOMR2rqCINNEYiHV,https://www.youtube.com/watch?v=l3Cj7Esqr0c,https://youtu.be/_Gcz4hX_jEc?si=t3nhJiuffrhKF09T,
https://youtu.be/Km__cJEJ3JI?si=spo_t7QsMjiJ0pTh,https://youtu.be/WpYeekQkAdc?si=-CFzWMU-WINlKYQ2,https://youtu.be/syS2g3pmQ9s?si=3EsPhPYhEjLbayY0,
https://www.youtube.com/watch?v=sQgd6MccwZc,https://youtu.be/hE2Ira-Cwxo?si=BeHx-QDW885-MiK9,https://youtu.be/AXPzzNvLA68?si=hCk5YF5dA5B5o_C2,
https://www.youtube.com/watch?v=xTlNMmZKwpA,https://youtu.be/kIbjHtE4fd8?si=M9zDzV7TlEBLA_aV,https://youtu.be/adkQPJaDEKE?si=8i78DQ1VE7qCGd_w,
https://www.youtube.com/watch?v=uY8tAKDVxK8,https://youtu.be/pok8H_KF1FA?si=3kwy-XW9Dr4CvZtm,https://youtu.be/wXru5KPSqZo?si=deKv_J25iRd6zi_W,
https://youtu.be/msGuqelopMA?si=HUWcr2HQ939czUwG,https://youtu.be/0CGVgAYJyjk?si=MPi_m-uoj_LofHFO,https://youtu.be/aJ80Hawx5BQ?si=rGO6E7bqdJXTWgHO,
https://www.youtube.com/watch?v=VAXg78MKJcM,https://youtu.be/Qtogm_mo1AQ?si=BA0oxtl4jW6dS6Zq,https://youtu.be/ugA1ZODP9Nc?si=7SHNVN0fdMfEoVI9,
https://youtu.be/RaiRdSlwsks?si=-k_izfSxp3zMgu6J,https://youtu.be/XYgSHOWNE0M?si=Nm2GJo9KR0SwoJMa,https://youtu.be/wxtkHJmduj4?si=9hlYARpwEjEXfuBx,
https://www.youtube.com/watch?v=m5brBz2t4Vs,https://www.youtube.com/watch?v=-MsvER1dpjM,https://youtu.be/vkI_p9RWUZg?si=drqXUGFxOkvfPxjN,
https://www.youtube.com/watch?v=q_MtePol92o,https://youtu.be/DP5qPb_zDUc?si=StUI05BGDKL9-Z0f,https://youtu.be/RwQk80bgBsI?si=26e7VyD3MKDDiiXx,
https://youtu.be/vWaRiD5ym74?si=C5OQe7-C9wV4s_a3,https://youtu.be/PQHPYelqr0E?si=IEa-lnflW-pqvMhm,https://youtu.be/up85PVySo54?si=bTY4Jpk__XKONUqx,
https://youtu.be/o_18zv1mseA?si=cMWef0onv6XKfOgO,https://www.youtube.com/watch?v=1aMCVgRKcP4,https://youtu.be/p2mmJvW_TLI?si=jFZjOJGz2T6oC4vl,
https://www.youtube.com/watch?v=O0lf_fE3HwA,https://youtu.be/u2ah9tWTkmk?si=5GAup8N2rF6ar_SG,https://youtu.be/JUlOwt_fo3o?si=oA_m46M_pKpsUlTx,
https://www.youtube.com/watch?v=kcZMCMI24gs&pp=0gcJCZIAkZFA-ciq,https://youtu.be/k-k2_Liofy8?si=fCYvyqve9NGPJYhs,https://youtu.be/EqW-n4E8GFU?si=GDV7L67CDugavYeu,
https://www.youtube.com/watch?v=No_avjkyTLo,https://youtu.be/DubtPdXXjew?si=uxyMSKfE-KgwvPU8,https://youtu.be/5r4U9gTDUZU?si=SI7iIGaqUBxayITI,
https://youtu.be/ZpUYjpKg9KY?si=UH6R2vkspkXc2q34,https://youtu.be/zWaymcVmJ-A?si=6nMKPWnB7JLUXWaY,https://youtu.be/qRy8RALmMvw?si=L1VjU0IaDu55gweG,
https://www.youtube.com/watch?v=uJ_1HMAGb4k&pp=0gcJCZIAkZFA-ciq,https://www.youtube.com/watch?v=BDHM8cyJQa8,https://youtu.be/EDdIRj4vh0Q?si=WiB-CQyz4XheYu8-,
https://www.youtube.com/watch?v=zv9CG6QL1uM,https://www.youtube.com/watch?v=KlyXNRrsk4A,https://youtu.be/V1cXHIMJxh4?si=D66sD6m5l7VaA6kV,
https://www.youtube.com/watch?v=BYE4CVhVkhw,https://www.youtube.com/watch?v=KEG7b851Ric,https://youtu.be/6LPp-ifwbR4?si=6zQAwTrfGmCPNw82,
https://www.youtube.com/watch?v=I2NrzwiE-UY,https://www.youtube.com/watch?v=34thwBLMe4g,https://youtu.be/GLEfvYR4B0s?si=iYCL80ipfCysCsSl,
https://youtu.be/dvgZkm1xWPE?si=9GjNUKcF3r3-u9BE,https://youtu.be/IxxstCcJlsc?si=8EEiP0_70AXGhpOH,https://youtu.be/2Zz_GgAcV9s?si=RVv986tcnWuMzC3q,
https://www.youtube.com/watch?v=_4fJ1j7F7dw,https://youtu.be/suRsxpoAc5w?si=6gNI1q6nCNeDYumH,https://youtu.be/q7e-4udsbQk?si=N_1mlzWBu0UfJuto,
https://www.youtube.com/watch?v=BDHM8cyJQa8,https://www.youtube.com/watch?v=MhKRfD4-j-E,https://youtu.be/OEv7Kyn5Pqc?si=ca3gwEJzeD_6uwCu,
https://youtu.be/ntG50eXbBtc?si=mo3XBv8qr7PF3leG,https://youtu.be/Y5fBdpreJiU?si=VlFVCmwJhkuqroyn,https://youtu.be/gSrZ-DT3gPY?si=hvHpsTEBUI6Oq-Xe,
https://youtu.be/J9abt3xpdDU?si=gdV7DPwMkdkMA9AF,https://youtu.be/YaOlxgJHif0?si=OMvQBGTSRCIEE7Lz,https://youtu.be/PjfTKPW-3SQ?si=oRRY0GVPtv2P7uwH,
https://www.youtube.com/watch?v=SjmXERieW9s&pp=0gcJCZIAkZFA-ciq,https://youtu.be/PaSK___x7a4?si=9qkVVBGG9Y08ZjsN,https://youtu.be/0GSkXjotTto?si=feaSoIVA2rU8Oaun,
,,,
,,,
,,,
,,,
,,,
,,,
,,,
,,,
,,,
,,,
,,,
,,,
,,,
,,,
,,,
,,,
,,,
,,,
,,,
,,,
,,,
,,,
,,,
,,,
,,,
,,,
,,,
,,,
,,,
,,,
,,,
,,,
,,,
,,,
,,,
,,,
,,,
,,,
,,,
,,,
,,,
,,,
,,,
,,,
,,,
,,,
,,,
,,,
,,,
,,,
,,,
,,,
,,,
,,,
,,,
,,,
,,,
,,,
,,,
,,,
,,,
,,,
,,,
,,,
,,,
,,,
,,,
,,,
,,,
,,,
,,,
,,,
,,,
,,,
,,,
,,,
Problem by Ariana Grande & Iggy Azalea,play with me by extreme,https://youtu.be/B5u1ev8n7n0?si=mnk-iB08hZkRSP5G,
Chaise Longue by Wet Leg ,https://www.youtube.com/watch?v=ieKIpFsUTYw,https://youtu.be/0H3DrgOODn4?si=uIYwPwRcLXRkePkC,
Helena by My Chemical Romance ,Calling (Original Instrumental Mix Soft Edit Crave – The Club Edition),https://youtu.be/712q9UpPptw?si=epuMOTvZB4RpU9sC,
https://www.youtube.com/watch?v=-iM83TiKdY0,starry eyed by ellie goulding,https://youtu.be/hsw3nfrJjpc?si=YBfJk2637-0Fr7lO,
st. jimmy by green day,https://www.youtube.com/watch?v=eFjjO_lhf9c,https://youtu.be/99cc48CTj0w?si=Pdmo7RMES2x0w8w3,
https://www.youtube.com/watch?v=dQw4w9WgXcQ,https://www.youtube.com/watch?v=BGQscb-u6q0,https://youtu.be/AaF4yr4WomA?si=19wq-jnQXbFckFEt,
https://www.youtube.com/watch?v=vxVig1gPnLo,https://www.youtube.com/watch?v=vVy9Lgpg1m8,https://youtu.be/84UaQezKMqI?si=OQ9qSxQEetwIf2zC,
Are We The Waiting by Green Day,chasing cars by snow patrol,https://youtu.be/fuq59lbt0kY?si=zwfpW_ZEuIKW-4O9,
Running Up That Hill (A Deal With God) by Kate Bush,stranger things by c418,https://youtu.be/7QClgOZH7mM?si=VSVlAZjI_iDQIbxN,
crushcrushcrush by paramore,https://www.youtube.com/watch?v=zTugcViEndM,https://youtu.be/JMcymEBESvw?si=sXnJeysKISjEXfMz,
Boom! Shake the Room by DJ Jazzy Jeff & The Fresh Prince,https://www.youtube.com/watch?v=DllsWuHK9dw,https://youtu.be/qRBLDXh-X0s?si=-tQP7VYwiDxdrt0O,
https://www.youtube.com/watch?v=kffacxfA7G4,throne by bmth,https://youtu.be/EJz-Juf6oT8?si=VUQM8v-fxRV8GoWP,
https://www.youtube.com/watch?v=pO1HC8pHZw0,ultimate showdown of ultimate destiny by lemon demon,https://youtu.be/xJHPdYEVzQE?si=JJoF3EczSYvaNlEz,
https://www.youtube.com/watch?v=D1Fw6CbGAX4,adore you by harry styles,https://youtu.be/bd3gAxYkQ0g?si=60qZsZb3zbfgb5IT,
jiggle jiggle by louis theroux,https://www.youtube.com/watch?v=NF-kLy44Hls&pp=0gcJCZIAkZFA-ciq,https://youtu.be/pPoCP7rxM-A?si=skvVTM6f7lSExSYb,
survivor by destiny’s child,https://www.youtube.com/watch?v=egG7fiE89IU,https://youtu.be/CqX9aIeiEPw?si=2CJCizH517PIky9N,
welcome to the black parade,let it go from frozen,https://youtu.be/0F-GmZQsIn4?si=NpTS01mv_-XsFrJJ,
blow your mind by dua lipa,https://www.youtube.com/watch?v=5tXh_MfrMe0,https://youtu.be/9MX7Nf2OjQo?si=5HfDwaQIjoWRzYMc,
Hella good by no doubt,Issues by mindless self indulgence,https://youtu.be/YsIEpt4juBo?si=BjzgiI4KB1xpiDwu,
https://www.youtube.com/watch?v=b8I-7Wk_Vbc,https://www.youtube.com/watch?v=WA4iX5D9Z64&pp=0gcJCZIAkZFA-ciq,https://youtu.be/YavlfuTr3ss?si=U0U0l8-D7bcGQgGE,
https://www.youtube.com/watch?v=UvfNmXbVHi4&pp=0gcJCZIAkZFA-ciq,https://www.youtube.com/watch?v=kTHNpusq654,https://youtu.be/xh0h2mjhB9A?si=tOCSA2LwWn-6-7tj,
the sharpest lives by MCR,https://www.youtube.com/watch?v=JGPgxoIPY6Q,https://youtu.be/15wRa85DdcA?si=Ri50G04C10c0i5DJ,
https://www.youtube.com/watch?v=DllsWuHK9dw,all star by smash mouth,https://youtu.be/YqKj-MPr8OM?si=fg8TkLChcMoPEasW,
https://www.youtube.com/watch?v=7zp1TbLFPp8,Lucenzo & stop by spice girls,https://youtu.be/4GFNGYDpLaM?si=45U4DwLrFYLVyFdq,
Alejandro by Lady Gaga,levitating by dua lipa,https://youtu.be/3MRgjcLFiZI?si=Dys6BTiTckPzn2TR,
futures by jimmy eat world,https://www.youtube.com/watch?v=l1cc1tnrb9E,https://youtu.be/9xH3TX3dSOE?si=EedClnV5GEiGMqhj,
human by the killers,From Yesterday by Thirty Seconds To Mars,https://youtu.be/j4z2tto_aiE?si=HzdHx8SqKZ_OAghC,
be the one by dua lipa,Propane Nightmares by Pendulum,https://youtu.be/ErlSktTa1Xg?si=_5WngGFhnayLBpBy,
https://www.youtube.com/watch?v=BPgEgaPk62M,head and heart by joel corry,https://youtu.be/nos6cOzl2Xc?si=4GzPU758f5klLPmg,
https://www.youtube.com/watch?v=fRh_vgS2dFE,adore you by harry styles,https://youtu.be/2kq_7s-5KlU?si=euo62tGZeCBzxjRM,
I Write Sins Not Tradegies by Panic! At The Disco,the pretender by foo fighters,https://youtu.be/AWBZaYkRJ1Y?si=AYlhwEJ_D4kShYD0,
https://www.youtube.com/watch?v=nfWlot6h_JM,https://www.youtube.com/watch?v=WA4iX5D9Z64&pp=0gcJCZIAkZFA-ciq,https://youtu.be/JE9gmaHE-fE?si=JxrMyLwqgbLlKeRy,
https://www.youtube.com/watch?v=o_v9MY_FMcw&pp=0gcJCZIAkZFA-ciq,https://www.youtube.com/watch?v=09R8_2nJtjg,https://youtu.be/LYpUkjdSgsg?si=X6NMAJpBnOwr_PBH,
applause by lady gaga,break free by ariana,https://youtu.be/nl67HA6AQkc?si=mZ9hcNJTyjqL6TZL,
Stereo Hearts by Gym Class Heroes & Adam Levine,untouched by the veronicas,https://youtu.be/ULp37oePEVw?si=qAQxI8KvEeJgochq,
lose yourself by eminem,https://www.youtube.com/watch?v=RUQl6YcMalg,https://youtu.be/W_CZAp1W1SQ?si=7XiHkwXVUPMcYc6l,
where is the love? By black eyed peas,Torn by Natalie Imbruglia,https://youtu.be/MPs_dlOJ8nE?si=1epEb5qbAbp3qImv,
time by hans zimmer,You Used To Hold Me by Calvin Harris,https://youtu.be/Lj9g7sYW1OU?si=gdGfq3hZyA0dBn8h,
party in the USA by miley cyrus,X Gon' Give It To Ya by DMX,https://youtu.be/wee-NRrP4IE?si=6S2ZvX1MXY9Oahnm,
the office theme song,WAP by Cardi B & Megan Thee Stallion,https://youtu.be/t6BXZ406ayk?si=DtJ17_WnQmTVmgga,
m to the b by millie b,https://www.youtube.com/watch?v=HyHNuVaZJ-k,https://youtu.be/Ct4Eplbnkig?si=qogC82bS-nnVYinj,
https://www.youtube.com/watch?v=gG_dA32oH44,m to the b by millie b,https://youtu.be/obRJx7z8_fM?si=PE7GtZ532ncEVEFL,
https://www.youtube.com/watch?v=gdZLi9oWNZg,love on me by galantis,https://youtu.be/DJQ5cd8965M?si=hq4TRQ1kO275WTtQ,
"hey look ma, I made it",https://www.youtube.com/watch?v=MocF43ncu8I,https://youtu.be/-mZAEEqZQpo?si=XgaLergay6R1Xz9_,
crazy train by ozzy,love train by o jay,https://youtu.be/vr2rgt9kaXE?si=AqsNUsu6eDeLPO4L,
Still Into You by Paramore  ,Same Love by Macklemore & Ryan Lewis,https://youtu.be/kWZwjpQqRrA?si=jmtxOBm7Yr424j1y,
hit em up by 2pac,https://www.youtube.com/watch?v=vVy9Lgpg1m8,https://youtu.be/zKNXCw7cf50?si=ehd2N1eCrqiJ0ZMF,
https://www.youtube.com/watch?v=8PTDv_szmL0,first class by jack harlow,https://youtu.be/7Dh79RXC6DA?si=JCgtSqAWI3OoWCM3,
Paparazzi (James Carameta Tabloid Remix),Lose Control (Beatsource 100-124 Transition),https://youtu.be/EB1XnSPmc1E?si=0Wml5Bg27YTzPxhw,
https://www.youtube.com/watch?v=E5a93wABHNM,audacity by stormz,https://youtu.be/lrn3G2wZiBI?si=PBeIb5rTGGZ4knbf,
et by katy perry,https://www.youtube.com/watch?v=E58qLXBfLrs,https://youtu.be/xpD9rowR2Rg?si=5vaWol4BThs9Uok6,
cool by dua lipa,blinding lights,https://youtu.be/VI8RXyrV9QY?si=AD_Xuj-mstI82RvW,
Cool For The Summer by Demi Lovato (suraci remix),lionhearted by porter robinson,https://youtu.be/lzpD9PUb5CI?si=2pvrwTawF7igAm7s,
https://www.youtube.com/watch?v=MEb2CecR11I,figured you out by nickelback,https://youtu.be/trERFSU1fIo?si=aMyTzoB6KPXeLE2t,
another boyfriend by backstreet boys,How You Remind Me by Nickelback,https://youtu.be/4ntyMOk959A?si=8exin6R0-ySjAX1z,
https://www.youtube.com/watch?v=uivOBBHyyYs,not fair by lilly allen,https://youtu.be/xaVEjPfryk0?si=iezgNmB-OKoGHag1,
octopus’s garden by the beatles,https://www.youtube.com/watch?v=VOr3g_9c6x0,https://youtu.be/o_3tJEGw1Mg?si=8KyR4AT0mhXrHt2d,
dance dance by fallout boy,LoveGame by Lady Gaga,https://youtu.be/1eLHHdnug2k?si=yZuoMgaIbKiiUkRo,
https://www.youtube.com/watch?v=A1OqtIqzScI,personal jesus by depeche mode,https://youtu.be/Wxq0VddOrM0?si=joHiJNUdIvBip44b,
https://www.youtube.com/watch?v=9ro0FW9Qt-4,https://www.youtube.com/watch?v=EEhZAHZQyf4,https://youtu.be/FoSLvFg67K4?si=RGWFZHIat40M8hBC,
LDN by lily allen,https://www.youtube.com/watch?v=HL_WvOly7mY,https://youtu.be/K3vTWSEQYf8?si=RSaYDogea5s0-T6D,
my happy ending by avril lavigne,https://www.youtube.com/watch?v=KHYu1jWNQJA,https://youtu.be/qqerU81AjBo?si=91Z8RhNAR5qBB7E6,
under cover of darkness ,Wannabe by Spice Girls,https://youtu.be/EF6-RLpSyNk?si=7D6tsdb2Rw3dgrZ0,
https://www.youtube.com/watch?v=8sgycukafqQ,circus by britney spears,https://youtu.be/UVEJa_Mi8Zo?si=d-YrTl38VC6m0Q1D,
https://www.youtube.com/watch?v=onzL0EM1pKY,https://www.youtube.com/watch?v=QSD_idsZmOU,https://youtu.be/Ue-SpmKcJbc?si=baYYgo4ZUfBna_1D,
everybody dance by chic,https://www.youtube.com/watch?v=HBxt_v0WF6Y,https://youtu.be/AeO6u-UDUAM?si=J1t72NFeuY-dOVwD,
get down on saturday night,Makes Me Wonder by Maroon 5,https://youtu.be/6x4xbszrjEY?si=cSC3xIjfsHS6y3dO,
Prescription by Mindless Self Indulgence,https://www.youtube.com/watch?v=WA4iX5D9Z64&pp=0gcJCZIAkZFA-ciq,https://youtu.be/P-wTD72lIyc?si=gnO_Y6jdvMp7wLIj,
Down Under by Men at Wor,midnight city by m83,https://youtu.be/gGgzh2hCBGE?si=DUm2cyoZCGWd7uJQ,
Down Under by Men at Wor,midnight city by m83,https://www.youtube.com/watch?v=6LO4bOkmEdc,
https://www.youtube.com/watch?v=svwJTnZOaco,https://www.youtube.com/watch?v=ZmDBbnmKpqQ,https://youtu.be/mN5-EOUmnjI?si=0OC7QAezS3l9lnhF,
coming undone by korn,https://www.youtube.com/watch?v=cW0ZYK870FI,https://youtu.be/5klTDEMkmss?si=qVibrP2lcUwcAC3F,
harder to breathe by maroon 5,https://www.youtube.com/watch?v=JGPgxoIPY6Q,https://youtu.be/gQ4Xa9RIOnE?si=i6U2rfv0COFy1TqL,
https://www.youtube.com/watch?v=Aby_Fe54CU8,bleed american by jimmy eat world,https://youtu.be/wUQ91fBi7aw?si=MFdKQNZ8HLxjE-gK,
issues by mindless self indulgence,https://www.youtube.com/watch?v=QtTj4cramPM,https://youtu.be/DJG8SvkPcls?si=USKdJ6MhrUJit0K6,
https://www.youtube.com/watch?v=Alh6iIvVN9o,https://www.youtube.com/watch?v=rMqayQ-U74s,https://youtu.be/y7MjsacIygQ?si=htTWiRp4aqPapGgd,
I Don't Care by Fall Out Boy ,womanizer by britney spears,https://youtu.be/OQcgErm3ZDw?si=wwiM-xbQhL2G6sGW,
B.I.T.C.H. by Megan Thee Stallion,now by paramore,https://youtu.be/SnEG-IVMJps?si=HZOkGC96CT7tXfth,
Sexting by Bo Burnham,bad habits by ed sheeran,https://youtu.be/iP2VilpZm04?si=RsFZYJgY7CHUE528,
bezos by bo burnham,https://www.youtube.com/watch?v=cZwYpAh3bXQ,https://youtu.be/-NqUv7TxNSU?si=89phbx-Q9Ed6nqgX,
kiss memore by doja cat,All Eyes On Me by Bo Burnham,https://youtu.be/vkh9nrgbwBo?si=u5-b5OsJqfqoIJPx,
our sng taylor,mirrors by pvris,https://youtu.be/gIE3w_D1ftQ?si=tSHVEwb8pwJHZD_v,
https://www.youtube.com/watch?v=v2H4l9RpkwM,https://www.youtube.com/watch?v=Xc6_5F-h-44,https://youtu.be/FQlzIU2OUmE?si=leX1BgPXiRbiW4RP,
Party Hard by Andrew W.K,up by cardi b,https://youtu.be/5YMTKchkPrs?si=Jf5ncgxS0sJIVZBV,
tennis court by lorde,https://www.youtube.com/watch?v=tQ0yjYUFKAE,https://youtu.be/EC6_eTOl9cY?si=6AjXGvA7k16WE3el,
act a fool by lil jon,https://www.youtube.com/watch?v=_G3MhNgaRns,https://youtu.be/Lu1i1QnDJrs?si=qYtLJtgLqrpelrOw,
I don’t love you by MCR,https://www.youtube.com/watch?v=vxVig1gPnLo,https://youtu.be/bdjp2qNynQU?si=UkcxSCwe6vpOgn8k,
blinding lights,https://www.youtube.com/watch?v=Soa3gO7tL-c&pp=0gcJCZIAkZFA-ciq,https://youtu.be/9QS6dk1hYZA?si=bTAJTjZH4nMDn_jC,
sorry not sorry bu demi lovato,https://www.youtube.com/watch?v=47Fbo4kU2AU&pp=0gcJCZIAkZFA-ciq,https://youtu.be/aKKMbFNmY1Y?si=iWy3iWjgQOuWaD61,
easy on me,still into you ,https://youtu.be/V4S7_ssghf8?si=2RZl--ikJzA2gvYn,
break up song by little mix,https://www.youtube.com/watch?v=7ww0uGr-haw,https://youtu.be/nsPLSHkzY3g?si=e8O7VSFEkoVsHOWZ,
Montero (Call Me By Your Name) by Lil Nas X,monster mash by bobby,https://youtu.be/DdN_uFrcYeU?si=8mlMQ9ybnccZJHvS,
thot sit megan,Monster Mansion by Grant Kirkhope from Banjo-Kazooie,https://youtu.be/25R2LcFm6-Y?si=W-qMASmA--uDuWvN,
gangnam style,Halloween Theme Song by John Carpenter. ---,https://youtu.be/mfrbmc0KdD4?si=zgR9O1fSlZP0qWlY,
https://www.youtube.com/watch?v=le78YSnESxA,https://www.youtube.com/watch?v=0KSOMA3QBU0,https://youtu.be/tH0ARS0FlLM?si=DwYQbR1a1pBbzCfV,
https://www.youtube.com/watch?v=C7ssrLSheg4,psycho killer by talking heads,https://youtu.be/cZjLL-GlMwE?si=CpWlYU_0ty0m5myb,
turn off the light by kim petras,https://www.youtube.com/watch?v=MEb2CecR11I&pp=0gcJCZIAkZFA-ciq,https://youtu.be/2Ipb8g3WviU?si=0o5eJEn8OotkvwhB,
suprstition by stevie wonder,https://www.youtube.com/watch?v=7qFF2v8VsaA&pp=0gcJCZIAkZFA-ciq,https://youtu.be/qoHp4dhyPdM?si=4-tCv1q-rmaCQrrL,
oneweek by bare naked ladies,https://www.youtube.com/watch?v=TgNWyBXBC0E&pp=0gcJCZIAkZFA-ciq,https://youtu.be/T-8aJAcM-m4?si=3NxlbqPWmFVvWKAD,
212 by azalea,https://www.youtube.com/watch?v=AWLQM2Iwz68,https://youtu.be/qJhR9esDYvI?si=ugFOpGxoF3-qrIag,
https://www.youtube.com/watch?v=QWaWsgBbFsA,bodies by drowning pool,https://youtu.be/TAY5OWCLj7U?si=gQz9YeY5A18be6Cm,
Heads Wil lRoll by Yeah Yeah Yeahs ,Badman Riddim by Vato Gonzalez.,https://youtu.be/8EiQtk_cVCQ?si=3i0XUiqjrtiu-n9R,
turn me on by riton,Ghosts 'n' Stuff by Deadmau5 & Rob Swire,https://youtu.be/jTuyAH8MOZM?si=wlFwDQ434FIzZMuT,
start now by dua lipa,https://www.youtube.com/watch?v=E1mU6h4Xdxc,https://youtu.be/XSiBSwvDQZM?si=WtYaGAaXiqcdZ3uv,
you pin me round by dead or alive,https://www.youtube.com/watch?v=wV1FrqwZyKw,https://youtu.be/hIPSMI2edOY?si=f8SCi-AFNXx3xYi4,
ghostbusters by ray,Who Do You Think You Are by Spice Girls.,https://youtu.be/ZaxTmAmw_4M?si=oa2LAiOYoZD_ar8k,
everybody by backstreet boys,https://www.youtube.com/watch?v=AUChk0lxF44,https://youtu.be/wNg8OOEF94I?si=8ErQEc6kOOkbmW6i,
mysterious ticking noise by potter puppet,https://www.youtube.com/watch?v=3gOHvDP_vCs,https://youtu.be/iYmfJJcE1NY?si=HhD6F5uysVu6lEEn,
I miss you by blink 182,https://www.youtube.com/watch?v=QkubQCI4Fxo,https://youtu.be/mfp0hA4l2QA?si=p8MUzZIQN4dfK3Iu,
srop it like it’s hot by snoop dogg,https://www.youtube.com/watch?v=H5NqIsnyTG8,https://youtu.be/McE1FHDDOkg?si=yMnZk0hIkf5oRqQl,
gangsta’s paraddise,his Is Halloween by Danny Elfman from The Nightmare Before Christmas.,https://youtu.be/KMPhIWTLQTo?si=jJeC-fsWDqiZymxg,
black and yellow by wiz khalifa,High Hopes by Panic! At The Disco,https://youtu.be/zezEZf3TjFA?si=60CAkXhgoF3V5HXs,
https://www.youtube.com/watch?v=izGwDsrQ1eQ,animals by nickelback,https://youtu.be/WmjhdghViWs?si=cemIZS5LUn2W8ozw,
juice by lizzo,https://www.youtube.com/watch?v=kLzmVy0qtrQ,https://youtu.be/CMf1t2ue8-8?si=qsvIYIeMVc-Une0Q,
https://youtu.be/vWaRiD5ym74?si=C5OQe7-C9wV4s_a3,https://www.youtube.com/watch?v=eI-NMbWgimQ,https://youtu.be/9AjIM-IndcA?si=LvBKTYQOQ0CPO1Xm,
all the things she said by tatu,https://www.youtube.com/watch?v=acIU7yxzJ70,https://youtu.be/nLhT7SGoi9o?si=VqFJkGs-Un8ezqiK,
airplanes by bob,https://www.youtube.com/watch?v=4fndeDfaWCg,https://youtu.be/wF2w9qvzTJs?si=sfh1uuJPuOJtgqN7,
hallucinate by dua lipa,https://www.youtube.com/watch?v=6nJCF01b510,https://youtu.be/5Qx_v_gq1lw?si=V0yarF0OP50SmOcD,
september by earth wind,https://www.youtube.com/watch?v=4whD6uAryMs,https://youtu.be/aaABwwnbjUc?si=MYaz4y_g9y2TDUw1,
https://www.youtube.com/watch?v=0hOSnQq8nQA,september by earth wind,https://youtu.be/d9w7HCRHzHE?si=9dgXtqdi-3wTwRq4,
https://www.youtube.com/watch?v=cRM70Jw7F4M,september by earth wind,https://youtu.be/pCNM6CpqWL0?si=V0zTIlpZRrtqpEo9,
idustry baby by lil nas x,https://www.youtube.com/watch?v=_wjFahULCK8,https://youtu.be/vImur7tPSMM?si=4KLaApcGc_lO7HtS,
ride it by regard,https://www.youtube.com/watch?v=X1yb80PWsN4,https://youtu.be/OLaGJTnSnBc?si=1-i237IshJOoih-F,
showdown by pendulum,https://www.youtube.com/watch?v=Dw8B1q1tKgs,https://youtu.be/yAzS2FmDNEc?si=XEaOhBjCgeiFU0OL,
https://www.youtube.com/watch?v=LOZuxwVk7TU&pp=0gcJCZIAkZFA-ciq,WAP by Cardi B & Megan Thee Stallion,https://youtu.be/BKAVmZWyznE?si=FDK8ZoAomMOfFwTv,
die young by kesha,https://www.youtube.com/watch?v=2Abk1jAONjw&pp=0gcJCZIAkZFA-ciq,https://youtu.be/gScN6-0dTtk?si=Evkm56FYvrBuuaFF,
https://www.youtube.com/watch?v=cRM70Jw7F4M,https://www.youtube.com/watch?v=tQmEd_UeeIk,https://youtu.be/7WHPSv0QF3M?si=7ficJpgn6YNLk7jb,
give yourself a try by the 1975,https://www.youtube.com/watch?v=FrLequ6dUdM,https://youtu.be/VTiDrDdTDdU?si=w-wK6JKs6ldx8Jw7,
https://www.youtube.com/watch?v=VAXg78MKJcM,https://www.youtube.com/watch?v=Z6w0Sj5k9Z4,https://youtu.be/5VFsVder1cM?si=W0koftk0sFc034Xg,
https://www.youtube.com/watch?v=yjdPKSRQkUk,Sweet Nothing (Swullwell & Blando Remix),https://youtu.be/GCC33werakw?si=YrxSRS11a52lvp7s,
https://www.youtube.com/watch?v=9HDEHj2yzew,https://www.youtube.com/watch?v=t-hi0yCeOJ0,https://youtu.be/irhmKvhL0WE?si=goFewmnKEz5hPJv6,
7 rings ariana,Pony by Ginuwine.,https://youtu.be/vFiJ3QDRh0s?si=g7SKBa72b1Aonx9l,
happy song by bmth,https://www.youtube.com/watch?v=HAIDqt2aUek&pp=0gcJCZIAkZFA-ciq,https://youtu.be/ZTc8RoYtq8s?si=sQLHsYVDzmdVc1lA,
https://www.youtube.com/watch?v=HiDJIJqNMOk,dirrty by christina,https://youtu.be/vRTU6dRySXk?si=7LeHsP7ZYr6bFviH,
men in black by will smith,https://www.youtube.com/watch?v=dTE0H9V9soM,https://youtu.be/92lJbejXoiM?si=pGiC_YtA7A2TuRSC,
america’s suitehearts,https://www.youtube.com/watch?v=ArVmPgH2mps,https://youtu.be/E2_L01b4gNg?si=BS4Rm_FPB65R9xuT,
https://www.youtube.com/watch?v=KRaWnd3LJfs,all my friends by madeon,https://youtu.be/q9_Ewc2iltg?si=pcF1GeYOAbmrwD4_,
https://youtu.be/dvgZkm1xWPE?si=9GjNUKcF3r3-u9BE,https://www.youtube.com/watch?v=1z-cnsnJxt0,https://youtu.be/rj6C6QRXhrk?si=C0tAvs9xF2dHMMd8,
https://www.youtube.com/watch?v=DK_0jXPuIr0,work from home by fifth harmony,https://youtu.be/0USHfpy2TCw?si=8a1RuxTI4d2NeFSM,
get low by zedd,https://www.youtube.com/watch?v=raB8z_tXq7A,https://youtu.be/l7TzMYwvFf0?si=TSHpRg2_7ICh0-R9,
like that by doja cat,https://www.youtube.com/watch?v=XUKyV49P8F0,https://youtu.be/SxOXuRr7-Gw?si=og8Gz3DlXtwBWtBq,
WAP,https://www.youtube.com/watch?v=3imO7PFU5cI,https://youtu.be/YIyBT_FO8FM?si=zgsof4bU4ih3x4uD,
Bootleg Fireworks by Dillon Francis.,without me eminmem,https://youtu.be/Z5OZluVH3KU?si=6b1sj7X5ao28Da_P,
misery business by paramore,https://www.youtube.com/watch?v=ZABLlnBSeOw,https://youtu.be/5G9yX0BWaR8?si=03AmE7nX3BwLV_IJ,
helena by MCR,https://www.youtube.com/watch?v=sBzrzS1Ag_g,https://youtu.be/ccN3gQClLpo?si=CdQfvTLl25LzJcSO,
snap out of it by arctic monkeys,Latch by Disclosure & Sam Smith ,https://youtu.be/pFYcY-UGJeE?si=jdtFDGwXssUS-d1V,
thot shit,Perfect (Exceeder) by Mason & Princess Superstar.,https://youtu.be/Kzf71mrCtNE?si=MaFfa9u4cvT8wSkw,
stay by kid laroi,https://www.youtube.com/watch?v=lY2yjAdbvdQ,https://youtu.be/jrJKwNIcqus?si=Lv2AOUYmFeOHE8kh,
get ready for this by 2unlimited,https://www.youtube.com/watch?v=pt8VYOfr8To,https://youtu.be/eEKxkycxSkE?si=mDHZ6ZwPhDTdBXSn,
superstar y jamelia,Bon Appétit by Katy Perry,https://youtu.be/d9VgjhXyqCM?si=3qW7ISzkADGDr7nB,
https://www.youtube.com/watch?v=ZSM3w1v-A_Y,treasure by bruno mars,https://youtu.be/EHuZN7HaHVY?si=0O286F38LlMLX4l9,
kiss memore by doja cat,never gonna guve you up,https://youtu.be/QU62zQWMH58?si=IX9Xb-SCgVVeDKX4,
dance dance by fallout boy,https://www.youtube.com/watch?v=sAebYQgy4n4,https://youtu.be/7_3QGldhyHE?si=O7nk94nkv3ddkxOU,
milkshake by eklis,https://www.youtube.com/watch?v=VKzWLUQizz8,https://youtu.be/k8jJsTqKtVw?si=OPEStMqM7s3dg4h-,
replay by iyaz,https://www.youtube.com/watch?v=Aby_Fe54CU8,https://youtu.be/Bo47dF_9j7M?si=Mq4zp3H0O_PuvzEN,
https://www.youtube.com/watch?v=yfYBiVAzo9s,https://www.youtube.com/watch?v=tD4HCZe-tew&pp=0gcJCZIAkZFA-ciq,https://youtu.be/TFrV6_KWfTM?si=IVrv9GAtAYtt6Af6,
https://www.youtube.com/watch?v=4Bnxpdm3o5c,https://www.youtube.com/watch?v=F57P9C4SAW4,https://youtu.be/p5cqWvDOd8M?si=Fnvfen-t50Fe9tZN,
ride with me by nellu,Breaking The Habit by Linkin Park,https://youtu.be/10QjkYe4acY?si=7X6hSTR2uVqI6AeC,
take my breath by weeknd,https://www.youtube.com/watch?v=sQgd6MccwZc,https://youtu.be/x05o4oNoRCY?si=QuN2m1crSvR4-z8w,
content by bo burnham,https://www.youtube.com/watch?v=sBzrzS1Ag_g,https://youtu.be/o_tMjYvPUtY?si=2LAtDHmBPA-3FX6K,
cali love 2pac,Unpaid Intern by Bo Burnham ,https://youtu.be/Go8vPCWduLc?si=q9HPcmXM_qEPngdk,
Sexting by Bo Burnham,Horny '98 by Mousse T. & Hot 'n' Juicy,https://youtu.be/NsUHAO1GR-U?si=va8OP68tcj0HPh8h,
Rose-Colored Boy by Paramore.,30 by bo burnham,https://youtu.be/f3CSzD-gxYw?si=s83Wk1hHRkE8h6gh,
the end of heartache by killswitch,Till The World Ends by Britney Spears,https://youtu.be/B_EoJlig3QM?si=bSvsHEzSd6GjAT6J,
daisy by ashnikko,Promiscuous Girl by Nelly Furtado,https://youtu.be/orYvfZvh3Uw?si=UlmGfv_WIiGZkHJG,
Time After Time by Cyndi Lauper,dreams by fleetwood mac,https://youtu.be/SAKPumtIRwI?si=S_AuIxPZPa_bOD4Z,
ready to go panic!,Marry The Night by Lady Gaga,https://youtu.be/XOGKNe5Fj0o?si=xoFRjFahJ5nIbbZv,
wellermn by nathan,You Know You Like It by Alunageorge and DJ Snake,https://youtu.be/9lOF1Zn7e5c?si=XrnrK1KI2bfag8GY,
24k magic,https://www.youtube.com/watch?v=7B9t9dLoLMQ,https://youtu.be/mWmqtY27dhU?si=dqLlhcx7ezJ3ObTC,
https://www.youtube.com/watch?v=ytLzxl4-mLw,all I wanted by paramore,https://youtu.be/shGdNJdc6kQ?si=_gscleY3bt4yjzZ0,
https://www.youtube.com/watch?v=bxBiTm7vtCs,https://www.youtube.com/watch?v=8EJ3zbKTWQ8,https://youtu.be/egEllaCMgMw?si=1FcZuDlcOXsjG5JJ,
roar katy,Nonsense by Madeon,https://youtu.be/0zbco0D_2Ks?si=E0Dq7Oda0elg7DRI,
industry baby ,https://www.youtube.com/watch?v=Pw-0pbY9JeU,https://youtu.be/9IZlPpsFFXk?si=P_tN2wpvH3syzfPY,
baby justin,Girls & Boys by Good Charlotte,https://youtu.be/5kTcHoAN914?si=wc0Yl80LThiwerjW,
my happy ending by avril lavigne,https://www.youtube.com/watch?v=uhG-vLZrb-g,https://youtu.be/lBVmQGzh8xc?si=tSNxF5xakJ2yodQZ,
low by flo rida,feel good ,https://youtu.be/JybhcZCAG1E?si=R3YcZ2O6b2192rPW,
bulletproof by la roux,https://www.youtube.com/watch?v=ZAErD8xzjCM,https://youtu.be/taWt7NvZLgs?si=vSfEbqztL1yYkuND,
bleed it out by linkin park,What You Know by Two Door Cinema Club,https://youtu.be/xZu7vWWXFSw?si=cA2KxRpc3-Aox5PN,
this is gospel,https://www.youtube.com/watch?v=k1BFHYtZlAU,https://youtu.be/F_NFfYa20uk?si=qjkPAUltuWNzfL8W,
shut up and dane by buggles,Video Killed the Radio Star by The Buggles,https://youtu.be/Q0OCKAzou4w?si=q_pD9f2Gk2jCJ2ST,
nude radiohead,https://www.youtube.com/watch?v=HqpmTjydQnM,https://youtu.be/awxBMWIOT9c?si=xr3_ZTniw1ufQV27,
BED by RAYE,Believe by Cher ,https://youtu.be/nObO-__G_g0?si=X9Oyx2QJ99QObmUD,
arirplanes by bob,Flashlight by Ellie Goulding & DJ Fresh. ---,https://youtu.be/P_5i5Ukafm8?si=v-lMDHJ-FfBLpyIv,
down by blink 182,A Thousand Miles by Vanessa Carlton.,https://youtu.be/xpgYP5H4xiE?si=dnJwY73iB3eQcPLN,
white woman’s instagra by bo ,https://www.youtube.com/watch?v=9HDEHj2yzew&pp=0gcJCZIAkZFA-ciq,https://youtu.be/yT8erjw1264?si=jWZjN5zKfwniwsGM,
https://www.youtube.com/watch?v=tu5UjbEvyTA,https://www.youtube.com/watch?v=876ATxzddug,https://youtu.be/e01qCrp4t4Q?si=lyHVEwPh9Z-uIaeA,
face time with my mom by bo,https://www.youtube.com/watch?v=09R8_2nJtjg,https://youtu.be/TIPsgT4aZQk?si=j46NwXbvGcxHYOnp,
don’t start now by dua,https://www.youtube.com/watch?v=7_EeCkHs-e0,https://youtu.be/hkfugTPErPk?si=ysJzvbKi_vNGH2ZI,
bodis by drowning popol,https://www.youtube.com/watch?v=9SOryJvTAGs&pp=0gcJCZIAkZFA-ciq,https://youtu.be/-p1NTvbXGL0?si=1KBO4XhSU5E44ZKy,
https://www.youtube.com/watch?v=5NPBIwQyPWE,https://www.youtube.com/watch?v=K1b8AhIsSYQ,https://youtu.be/JtDmXwRLaTo?si=AwwWwm6d5ApAp_61,
you belong with me by taylor,MakeDamnSure by Taking Back Sunday ,https://youtu.be/bKNA2H1dedY?si=8Uv7xgF_Piz_p87F,
get out by CHVRCHES,https://www.youtube.com/watch?v=LR5YoizLNbA,https://youtu.be/jdBE2eh-jAY?si=7gaMyObzBzEuRD7I,
Good 4 u,You My Everything by Ellie Goulding,https://youtu.be/BtrqQniGp-o?si=5zJAn4DF-x8A2Zv9,
https://www.youtube.com/watch?v=E1mU6h4Xdxc,bad habits by ed sheeran,https://youtu.be/zH4PbvID2G8?si=yf3zIiX1ebvW4bsF,
yes juliet by we the kigs,https://www.youtube.com/watch?v=Dkk9gvTmCXY,https://youtu.be/CWKI8xI5E1Y?si=0b5Plpo20J90wih_,
all I want by a day to remember,https://www.youtube.com/watch?v=IPXIgEAGe4U,https://youtu.be/7SimKwKNGZw?si=qDWJO4_gdUpTMQ5S,
bloodline by ariana,I'm So Sick by Flyleaf.,https://youtu.be/XM-M0ADgdps?si=AdV-BpKtbi0EXrZI,
bloodline by ariana,I'm So Sick by Flyleaf.,https://youtu.be/EuyuMoq3cGQ?si=Jrn8KfVuUPMoM0LO,
https://www.youtube.com/watch?v=VbfpW0pbvaU,banquet by bloc party,https://youtu.be/zXt6JriEVW4?si=r5QcabJNRDvhg6lU,
flux by bloc party,https://www.youtube.com/watch?v=ERJGipWWPfs,https://youtu.be/HPF2Lw5cFlU?si=kwMNnHFfAZTTTQ9s,
sugar honey ice and tea by bmth,https://www.youtube.com/watch?v=gG_dA32oH44,https://youtu.be/MorK6RkL5nM?si=GHGcfAB3bkU36zU5,
gimme more by britney,https://www.youtube.com/watch?v=kXYiU_JCYtU,https://youtu.be/OfVZ8DhpGIU?si=tdrnyc0DoijjXP13,
the climb by miley,Party Hard by Andrew W.K,https://youtu.be/eC8djOlvYfI?si=8qlqI44y0Uxmao_d,
Shake That by Eminem & Nate Dogg,boomx4 by vengaboys,https://youtu.be/gO_ETzVhDns?si=LAKM8rnNUE6uJSbu,
dare by gorillaz,https://www.youtube.com/watch?v=6fMERyRz498,https://youtu.be/ZU2CLNnptqs?si=Z7e9FpkdvyGlSugz,
geie in a bottle by christina,https://www.youtube.com/watch?v=acIU7yxzJ70,https://youtu.be/sxpm2yxIQ4A?si=Ia36VP0JiZ5X0vyk,
this is what you came for by calvin,"Yes Sir, I Can Boogie by Baccara",https://youtu.be/6S352_ee0Cs?si=y8F-c9xq2XOPkc8j,
https://www.youtube.com/watch?v=oKsxPW6i3pM,https://www.youtube.com/watch?v=WA4iX5D9Z64&pp=0gcJCZIAkZFA-ciq,https://youtu.be/g43zSMBUATs?si=J9TYG51pK1k4Ej7M,
https://www.youtube.com/watch?v=Ew6x6sHiFaw,https://www.youtube.com/watch?v=8xg3vE8Ie_E,https://youtu.be/yagRws2TZrc?si=9EIkvivzxVOoftzC,
blank space taylor,https://www.youtube.com/watch?v=VAXg78MKJcM,https://youtu.be/89JLHx7FzZQ?si=jklqb9JqplnzewNQ,
monsoon by tokio hotel,https://www.youtube.com/watch?v=tMhiHrL7rPE,https://youtu.be/LNOEyD8HzhU?si=FT_U9eZz5hOSdK_y,
shake it off by taylore swift,https://www.youtube.com/watch?v=dUL4aRt1Sas,https://youtu.be/MttuIErEnKs?si=g-1e8nDD1K2tVFSD,
I knew you were triuble by taylo,https://www.youtube.com/watch?v=Zcps2fJKuAI,https://youtu.be/jW0VPqFDt8A?si=qibGP6AyB--mNRoS,
makedamnsure by taking back sunday,https://www.youtube.com/watch?v=VuNIsY6JdUw,https://youtu.be/BEwy4lQdjZQ?si=y1cUI7waWm50Zgsi,
https://www.youtube.com/watch?v=mqWq_48LxWQ,https://www.youtube.com/watch?v=HUHC9tYz8ik,https://youtu.be/iSrZL9Yxbl8?si=Ye7wva7qmqIQQ7-h,
poker face by lady gaga,https://www.youtube.com/watch?v=2HZNUMyzhA8,https://youtu.be/fkA2tgGd-9E?si=2RvCrtMesPVCwTZM,
just one yesterday by fallout boy,https://www.youtube.com/watch?v=1ekZEVeXwek,https://youtu.be/3Wa3616X_ec?si=oGnHffe7bwPqRdXN,
levitating by dua,Kryptonite by 3 Doors Down,https://youtu.be/ZTMhviVIqUE?si=NO6yzQoiC6Qm2oa6,
shut up and let me go by ting tings,Intergalactic by Beastie Boys,https://youtu.be/f-8ntExroo0?si=91kY6YSg-e4rL0jK,
stressed out by 21 pilots,https://www.youtube.com/watch?v=3dm_5qWWDV8&pp=0gcJCZIAkZFA-ciq,https://youtu.be/l49eGb23TzU?si=6cqBrBGc8C_Y9a40,
MONTERO (Call Me By Your Name) by Lil Nas X,liar by taking back sunday,https://youtu.be/lztKyG3mKXc?si=FgVZqRaTXvHm_Y98,
https://www.youtube.com/watch?v=PTFwQP86BRs,baby one moer time by britney,https://youtu.be/xaWfW5MyhGA?si=QimkmKs72VZVocOI,
diary of jane by nreaking benjamin,https://www.youtube.com/watch?v=CGyEd0aKWZE,https://youtu.be/0oribfulTrE?si=dfNxIfzu1BTPh4MT,
up by cardi b,Earthquake by DJ Fresh & Diplo.,https://youtu.be/UQlnxQSaOPY?si=95iQQ4-RmjXv4Ufx,
Untouched by The Veronicas (listen deep remix),take on me by aha,https://youtu.be/SxxP4Q-hfKc?si=0slUO2-kmnHDoL7C,
birthday by anne marie,Vroom Vroom by Charli XC,https://youtu.be/QNIVyMWhlhU?si=FV5_cDEdoNs9f6zR,
rat a tat by fallout boy,"Bang Bang by Jessie J, Ariana Grande & Nicki Minaj ",https://youtu.be/cQrhOgaeHCw?si=LaEg59ab7Pe0PuPv,
temperature by sean paul,Bohemian Like You by The Dandy Warhols.,https://youtu.be/B8JGzE6ptss?si=QVn_zyGCimQpCXxG,
evacuate the dancefloor,https://www.youtube.com/watch?v=f5qICl3Fr3w,https://youtu.be/Hkisqbe_RCo?si=ZmHRdI5gU2pWY7jy,
get the party started by pink,https://www.youtube.com/watch?v=CFWX0hWCbng,https://youtu.be/HNVgICdnDCA?si=3XXMeXuOmb2dKWl_,
https://www.youtube.com/watch?v=3tmd-ClpJxA,https://www.youtube.com/watch?v=XOWqT8jItc0,https://youtu.be/5PS1v_4RbDE?si=wWCijybU_1tJqo2X,
rather be by clean bandit,https://www.youtube.com/watch?v=4JipHEz53sU,https://youtu.be/F9kQrD-qTqc?si=gPZcR4Q7v2eqEzgK,
supermassive black hole by muse,https://www.youtube.com/watch?v=04ISBxRATKA&pp=0gcJCZIAkZFA-ciq,https://youtu.be/FaJhYlEZB5I?si=FEQohjKBrZd4aCl8,
stacy’s mom,American Boy by Estelle and Kanye West.,https://youtu.be/Q4cEo7GvK4k?si=15R-PMFAwFQ1MOVy,
dynamite by bts,In Too Deep by Sum 41,https://youtu.be/lwJIApoYNjI?si=_UvQFFYJmv4zxcmP,
hungry like the wolf by the duran,It's Tricky by Run-D.M.C,https://youtu.be/rkV6J9PCTJ0?si=hRkfec94yEAgvVEk,
don’t start now by dua,Space Jam by Quad City DJ's,https://youtu.be/C5qj03gAGhE?si=u6mPpaaD4UqPG-rB,
I miss you by blink 182,https://www.youtube.com/watch?v=ASTzu6oKKCk,https://youtu.be/TCVdGcE6BHw?si=oahagO2iXgIqmS29,
in da club,call me by your name,https://youtu.be/OOZ7kWVxZMI?si=XAPVkyZLsFqv8VQp,
voodoo people (pendulum mix),call me by your name,https://youtu.be/j9wXD-o75HA?si=eIPVp_GiKUz5sP4V,
https://www.youtube.com/watch?v=oTM3YPTYNo0,https://www.youtube.com/watch?v=oTM3YPTYNo0,https://youtu.be/_I1Cjn7QTMU?si=4AIzoGiHvx0fYZBj,
https://www.youtube.com/watch?v=2VTxYQL2SbA,https://www.youtube.com/watch?v=2zNSgSzhBfM,https://youtu.be/t532ECBspHQ?si=oTFF7EJk9K1IYPE0,
https://www.youtube.com/watch?v=si81bIoZRJQ,https://www.youtube.com/watch?v=jDC1wP4-Wqo,https://youtu.be/zT24TQk6jqI?si=T6HoJV0D0CpRm3I4,
peaches,https://www.youtube.com/watch?v=S2Cti12XBw4,https://youtu.be/8Ae2COesjPY?si=UAsAInBJ46Idwy98,
da funk by daft punk,Ch-Check It Out by Beastie Boys,https://youtu.be/O7Fh1sHr_sc?si=am8_8QmcGiXEhTne,
give me everything by pitbull,https://www.youtube.com/watch?v=HoQN7K6HdRw,https://youtu.be/rdGj5hJvj_8?si=eEagj-8RoXv0KLBU,
https://www.youtube.com/watch?v=nmnjL26OBcY,https://www.youtube.com/watch?v=K_QnsWF-9cY,https://youtu.be/D6vrI4GpUF0?si=-RaN90DTIG3rLMCW,
sexy and I know it by LMFAO,https://www.youtube.com/watch?v=DyDfgMOUjCI,https://youtu.be/qMqtpjmqPEs?si=yHNBlzkg6WZDlgTy,
cry about it later by katy,https://www.youtube.com/watch?v=w8KQmps-Sog,https://youtu.be/LSwUyFERe5I?si=RzP7gmHc1Wm-9qYA,
pokemon theme season 1,Dirty Little Secret by The All-American Rejects,https://youtu.be/I9LkhMqlZC4?si=itr4SsA32ZYpw8V0,
https://www.youtube.com/watch?v=b8-tXG8KrWs,ignorance by paramore,https://youtu.be/FrCiu7pTpks?si=m5mgZ0nIc8mJj8C5,
all my life by foo fighters,https://www.youtube.com/watch?v=euWxmTsOAtY,https://youtu.be/KkfDw4iiv20?si=JQwEOJCprzIov7d5,
duality by slipknot,https://www.youtube.com/watch?v=E2kGhgGSi78,https://youtu.be/-FJihUtJon0?si=ram-u9Flzdz7FFRM,
throne by bmth,toxic,https://youtu.be/ESJo740oXsU?si=KY8usbHmjM_JBj6c,
https://www.youtube.com/watch?v=uvRdwuKIi9o,https://www.youtube.com/watch?v=bFDzhKdrN9M,https://youtu.be/Z8QV4MW9A0E?si=AszG18KBFK7ELCiD,
dancing on my own by robyn,https://www.youtube.com/watch?v=PQHPYelqr0E,https://youtu.be/rl6TEtNzs2U?si=M3Unhv5j8bqg6YiA,
https://www.youtube.com/watch?v=qFLhGq0060w,https://www.youtube.com/watch?v=psuRGfAaju4,https://youtu.be/rQVmCbZH8v8?si=1KrM_TuoWX-WHIFI,
https://www.youtube.com/watch?v=4whD6uAryMs&pp=0gcJCZIAkZFA-ciq,whatshername by green day,https://youtu.be/nP6ihD7-Pfs?si=jbmkbllFq8K-4xsk,
bangarang skrillex,swan lake tchaikovsky,https://youtu.be/k1EaUCZCW80?si=lTW4Uc7MB9EbMYes,
Tchaikovsky Symphony No. 5,"Macklemore, Ryan Lewis Mashup",https://youtu.be/_Tpsp8hWaZw?si=GHNd0sgNgiv8BElh,
wie du willst,any way you want it by journey,https://youtu.be/xNTn0Wg18FA?si=JxY28txS7t8WfJGG,
9th symphony beethoven,https://www.youtube.com/watch?v=VYOjWnS4cMY,https://youtu.be/uFn6vDs3eV0?si=7gtk9b5s0p6iZYUd,
https://www.youtube.com/watch?v=P7n9eiDjf7Q,a cruel angel’s thesis by yoko takahashi,https://youtu.be/Cflnab_H4fw?si=jAK8iXNcG0E5u3vB,
https://www.youtube.com/watch?v=psuRGfAaju4,https://www.youtube.com/watch?v=rY-FJvRqK0E,https://youtu.be/CLK-60hOks8?si=TJ-KQEYdF4wrVaD2,
